Timestamp,Protocol,Payload Size (bytes),Device Active Time (ms)
70340304154200,HTTP,281,0
70340406352300,HTTP,281,0
70340484933700,HTTP,281,0
70340603123400,HTTP,281,0
70340626506900,HTTP,281,0
70340642740400,HTTP,281,0
70340661237800,HTTP,281,0
70340680239100,HTTP,281,0
70340810500300,HTTP,281,0
70340913965000,HTTP,281,0
70340938817600,HTTP,281,0
70340968662900,HTTP,281,0
70341018934200,HTTP,281,0
70341123110900,HTTP,281,0
70341140375300,HTTP,281,0
70341161483300,HTTP,281,0
70341181420900,HTTP,281,0
70341219544700,HTTP,281,0
70341326750100,HTTP,281,0
70341429279800,HTTP,281,0
70341532696600,HTTP,281,0
70341549314300,HTTP,281,0
70341735065000,HTTP,281,0
70341755771100,HTTP,281,0
70341839165800,HTTP,281,0
70341855298700,HTTP,281,0
70341942561700,HTTP,281,0
70342045772400,HTTP,281,0
70342155447000,HTTP,281,0
70342207177600,HTTP,281,0
70342232553500,HTTP,281,0
70342290298900,HTTP,281,0
70342370338600,HTTP,281,0
70342582875500,HTTP,281,0
70342613822600,HTTP,281,0
70342634846200,HTTP,281,0
70342660246900,HTTP,281,0
70342763037900,HTTP,281,0
70342862559600,HTTP,281,0
70342966614500,HTTP,282,0
70342981644600,HTTP,282,0
70343063278500,HTTP,282,0
70343164223100,HTTP,282,0
70343179646700,HTTP,282,0
70343271851600,HTTP,282,0
70343286871100,HTTP,282,0
70343309082500,HTTP,282,0
70343324184500,HTTP,282,0
70343340514900,HTTP,282,0
70343363521000,HTTP,282,0
70343476078800,HTTP,282,0
70343492053800,HTTP,282,0
70343580749000,HTTP,282,0
70343682948800,HTTP,282,0
70343784043500,HTTP,282,0
70343886158100,HTTP,282,0
70344001910200,HTTP,282,0
70344018168300,HTTP,282,0
70344033660600,HTTP,282,0
70344050095900,HTTP,282,0
70344092764300,HTTP,282,0
70344192974500,HTTP,282,0
70344208380800,HTTP,282,0
70344297009300,HTTP,282,0
70344402721900,HTTP,282,0
70344501301300,HTTP,282,0
70344516093300,HTTP,282,0
70344610640100,HTTP,282,0
70344626753500,HTTP,282,0
70344704562300,HTTP,282,0
70344806909600,HTTP,282,0
70344822356600,HTTP,282,0
70344837674500,HTTP,282,0
70344852677300,HTTP,282,0
70344904200600,HTTP,282,0
70344919173900,HTTP,282,0
70344933737900,HTTP,282,0
70344948134900,HTTP,282,0
70344981244000,HTTP,282,0
70345018384100,HTTP,282,0
70345033509800,HTTP,282,0
70345055627300,HTTP,282,0
70345072032400,HTTP,282,0
70345088384700,HTTP,282,0
70345117562700,HTTP,282,0
70345132855000,HTTP,282,0
70345147719400,HTTP,282,0
70345166885300,HTTP,282,0
70345190298400,HTTP,282,0
70345211947400,HTTP,282,0
70345229733700,HTTP,282,0
70345244632800,HTTP,282,0
70345261278300,HTTP,282,0
70345276707000,HTTP,282,0
70345293902400,HTTP,282,0
70345312131200,HTTP,282,0
70345327437000,HTTP,282,0
70345342407900,HTTP,282,0
70345358318500,HTTP,282,0
70345374263200,HTTP,282,0
70345389146500,HTTP,282,0
70345406594400,HTTP,282,0
70345424677300,HTTP,282,0
70345439162400,HTTP,282,0
70345453438500,HTTP,282,0
70345468182800,HTTP,282,0
70345497979300,HTTP,282,0
70345520849500,HTTP,282,0
70345535596500,HTTP,282,0
70345550310300,HTTP,282,0
70345570644100,HTTP,282,0
70345585553700,HTTP,282,0
70345602368200,HTTP,282,0
70345650464500,HTTP,282,0
70345666434400,HTTP,282,0
70345681170300,HTTP,282,0
70345695979800,HTTP,282,0
70345710376200,HTTP,282,0
70345728387500,HTTP,282,0
70345744440200,HTTP,282,0
70345760009000,HTTP,282,0
70345775523500,HTTP,282,0
70345792248400,HTTP,282,0
70345808155400,HTTP,282,0
70345827521900,HTTP,282,0
70345842329800,HTTP,282,0
70345857056900,HTTP,282,0
70345875588800,HTTP,282,0
70345892110100,HTTP,282,0
70345907638700,HTTP,282,0
70345935872100,HTTP,282,0
70345951439100,HTTP,282,0
70345966487100,HTTP,282,0
70345981771800,HTTP,282,0
70346001651500,HTTP,282,0
70346018768400,HTTP,282,0
70346035310900,HTTP,282,0
70346051854200,HTTP,282,0
70346066576200,HTTP,282,0
70346081341400,HTTP,282,0
70346096374800,HTTP,282,0
70346112732400,HTTP,282,0
70346132373400,HTTP,282,0
70346147459500,HTTP,282,0
70346161634100,HTTP,282,0
70346178070000,HTTP,282,0
70346193110600,HTTP,282,0
70346207439100,HTTP,282,0
70346223971600,HTTP,282,0
70346239877200,HTTP,282,0
70346254555900,HTTP,282,0
70346270439900,HTTP,282,0
70346284845400,HTTP,282,0
70346300933100,HTTP,282,0
70346316149100,HTTP,282,0
70346347183700,HTTP,282,0
70346362887300,HTTP,282,0
70346379766000,HTTP,282,0
70346404241100,HTTP,282,0
70346421557900,HTTP,282,0
70346440570300,HTTP,282,0
70346455656300,HTTP,282,0
70346471661400,HTTP,282,0
70346489368200,HTTP,282,0
70346504225500,HTTP,282,0
70346519189000,HTTP,282,0
70346539752800,HTTP,282,0
70346554670600,HTTP,282,0
70346577322600,HTTP,282,0
70346595325500,HTTP,282,0
70346611119200,HTTP,282,0
70346626779900,HTTP,282,0
70346670552900,HTTP,282,0
70346685614100,HTTP,282,0
70346703473200,HTTP,282,0
70346717875200,HTTP,282,0
70346736432700,HTTP,282,0
70346755173200,HTTP,282,0
70346770550900,HTTP,282,0
70346784969300,HTTP,282,0
70346816431300,HTTP,282,0
70346830583600,HTTP,282,0
70346847667100,HTTP,282,0
70346863086100,HTTP,282,0
70346877589700,HTTP,282,0
70346893515400,HTTP,282,0
70346908883100,HTTP,282,0
70346923990800,HTTP,282,0
70346943457900,HTTP,282,0
70346962398500,HTTP,282,0
70346980782600,HTTP,282,0
70347002631800,HTTP,282,0
70347018563500,HTTP,282,0
70347038437400,HTTP,282,0
70347058441800,HTTP,282,0
70347073724400,HTTP,282,0
70347088710900,HTTP,282,0
70347105768800,HTTP,282,0
70347120953300,HTTP,282,0
70347139794700,HTTP,282,0
70347160325800,HTTP,282,0
70347175807700,HTTP,282,0
70347194651500,HTTP,282,0
70347210238400,HTTP,282,0
70347229867900,HTTP,282,0
70347248764800,HTTP,282,0
70347267450600,HTTP,282,0
70347282351700,HTTP,282,0
70347296609100,HTTP,282,0
70347312565600,HTTP,282,0
70347329040800,HTTP,282,0
70347343560800,HTTP,282,0
70347361385400,HTTP,282,0
70347376719400,HTTP,282,0
70347391912600,HTTP,282,0
70347409127300,HTTP,282,0
70347423531900,HTTP,282,0
70347441420200,HTTP,282,0
70347461169100,HTTP,282,0
70347475592000,HTTP,282,0
70347490278200,HTTP,282,0
70347505639900,HTTP,282,0
70347522282900,HTTP,282,0
70347537624800,HTTP,282,0
70347579864000,HTTP,282,0
70347595724600,HTTP,282,0
70347612142300,HTTP,282,0
70347626280800,HTTP,282,0
70347640750500,HTTP,282,0
70347655716500,HTTP,282,0
70347672327600,HTTP,282,0
70347688943100,HTTP,282,0
70347703074500,HTTP,282,0
70347721795500,HTTP,282,0
70347737872100,HTTP,282,0
70347758779700,HTTP,282,0
70347776459200,HTTP,282,0
70347793097200,HTTP,282,0
70347807572600,HTTP,282,0
70347821781700,HTTP,282,0
70347836843500,HTTP,282,0
70347851917600,HTTP,282,0
70347872625300,HTTP,282,0
70347887553700,HTTP,282,0
70347902356100,HTTP,282,0
70347918249700,HTTP,282,0
70347933109400,HTTP,282,0
70347949084900,HTTP,282,0
70347976140900,HTTP,282,0
70347991528900,HTTP,282,0
70348007697900,HTTP,282,0
70348030125300,HTTP,282,0
70348048499800,HTTP,282,0
70348077184500,HTTP,282,0
70348092401100,HTTP,282,0
70348115135000,HTTP,282,0
70348129926000,HTTP,282,0
70348144591300,HTTP,282,0
70348161758800,HTTP,282,0
70348182690700,HTTP,282,0
70348199529900,HTTP,282,0
70348214428400,HTTP,282,0
70348230522900,HTTP,282,0
70348245413000,HTTP,282,0
70348262828900,HTTP,282,0
70348284992800,HTTP,282,0
70348299752400,HTTP,282,0
70348314605000,HTTP,282,0
70348348068900,HTTP,282,0
70348366041300,HTTP,282,0
70348383334700,HTTP,282,0
70348398950300,HTTP,282,0
70348414587200,HTTP,282,0
70348429122900,HTTP,282,0
70348444715200,HTTP,282,0
70348460506000,HTTP,282,0
70348476994700,HTTP,282,0
70348493021300,HTTP,282,0
70348508349000,HTTP,282,0
70348523426900,HTTP,282,0
70348538836000,HTTP,282,0
70348556567900,HTTP,282,0
70348585522900,HTTP,282,0
70348600555400,HTTP,282,0
70348616248600,HTTP,282,0
70348634007400,HTTP,282,0
70348694684800,HTTP,282,0
70348727912200,HTTP,282,0
70348747243100,HTTP,282,0
70348764227700,HTTP,282,0
70348784078900,HTTP,282,0
70348802195200,HTTP,282,0
70348818600700,HTTP,282,0
70348835749000,HTTP,282,0
70348859723600,HTTP,282,0
70348874348600,HTTP,282,0
70348896949000,HTTP,282,0
70348912190800,HTTP,282,0
70348933193200,HTTP,282,0
70348948312100,HTTP,282,0
70348963639400,HTTP,282,0
70348979513300,HTTP,282,0
70349002039300,HTTP,282,0
70349016647500,HTTP,282,0
70349033080700,HTTP,282,0
70349049832300,HTTP,282,0
70349064222300,HTTP,282,0
70349078862800,HTTP,282,0
70349099000800,HTTP,282,0
70349115269500,HTTP,282,0
70349130205400,HTTP,282,0
70349173163300,HTTP,282,0
70349193250500,HTTP,282,0
70349208323000,HTTP,282,0
70349226731000,HTTP,282,0
70349242636000,HTTP,282,0
70349257549600,HTTP,282,0
70349275898300,HTTP,282,0
70349290233000,HTTP,282,0
70349312687800,HTTP,282,0
70349327602700,HTTP,282,0
70349342876000,HTTP,282,0
70349357189400,HTTP,282,0
70349372228300,HTTP,282,0
70349388504000,HTTP,282,0
70349407608000,HTTP,282,0
70349423435700,HTTP,282,0
70349438978700,HTTP,282,0
70349454150500,HTTP,282,0
70349468372600,HTTP,282,0
70349483076400,HTTP,282,0
70349499912800,HTTP,282,0
70349515833100,HTTP,282,0
70349530530500,HTTP,282,0
70349546308700,HTTP,282,0
70349581446900,HTTP,282,0
70349604310300,HTTP,282,0
70349632494900,HTTP,282,0
70349647348300,HTTP,282,0
70349663880200,HTTP,282,0
70349681217400,HTTP,282,0
70349698823200,HTTP,282,0
70349718455800,HTTP,282,0
70349733722500,HTTP,282,0
70349751026900,HTTP,282,0
70349771089200,HTTP,282,0
70349794653200,HTTP,282,0
70349818164400,HTTP,282,0
70349833928200,HTTP,282,0
70349849199200,HTTP,282,0
70349864038100,HTTP,282,0
70349878852600,HTTP,282,0
70349893316100,HTTP,282,0
70349916904200,HTTP,282,0
70349934000200,HTTP,282,0
70349949389900,HTTP,282,0
70349965637100,HTTP,282,0
70349991424700,HTTP,282,0
70350013635000,HTTP,282,0
70350031005200,HTTP,282,0
70350049213300,HTTP,282,0
70350066818500,HTTP,282,0
70350086381500,HTTP,282,0
70350103129400,HTTP,282,0
70350122564700,HTTP,282,0
70350138198000,HTTP,282,0
70350152843300,HTTP,282,0
70350167342200,HTTP,282,0
70350184697600,HTTP,282,0
70350200450000,HTTP,282,0
70350219461700,HTTP,282,0
70350238252200,HTTP,282,0
70350257222100,HTTP,282,0
70350272962700,HTTP,282,0
70350288563000,HTTP,282,0
70350304273300,HTTP,282,0
70350322971500,HTTP,282,0
70350340949400,HTTP,282,0
70350355478700,HTTP,282,0
70350370312300,HTTP,282,0
70350385123800,HTTP,282,0
70350406657400,HTTP,282,0
70350428173300,HTTP,282,0
70350448014100,HTTP,282,0
70350465759800,HTTP,282,0
70350483347100,HTTP,282,0
70350497630100,HTTP,282,0
70350512311600,HTTP,282,0
70350529841500,HTTP,282,0
70350546736100,HTTP,282,0
70350561311400,HTTP,282,0
70350584760400,HTTP,282,0
70350598986200,HTTP,282,0
70350613452800,HTTP,282,0
70350633695400,HTTP,282,0
70350649118900,HTTP,282,0
70350664059000,HTTP,282,0
70350678587800,HTTP,282,0
70350696506100,HTTP,282,0
70350712481000,HTTP,282,0
70350732302300,HTTP,282,0
70350749092200,HTTP,282,0
70350766915900,HTTP,282,0
70350783020300,HTTP,282,0
70350803163700,HTTP,282,0
70350817784700,HTTP,282,0
70350838936600,HTTP,282,0
70350855017500,HTTP,282,0
70350871106700,HTTP,282,0
70350887144800,HTTP,282,0
70350902723400,HTTP,282,0
70350919697000,HTTP,282,0
70350936898300,HTTP,282,0
70350954179600,HTTP,282,0
70350969264200,HTTP,282,0
70350985264800,HTTP,282,0
70351003317200,HTTP,282,0
70351017757300,HTTP,282,0
70351034842100,HTTP,282,0
70351056551700,HTTP,282,0
70351071899800,HTTP,282,0
70351088217200,HTTP,282,0
70351105799800,HTTP,282,0
70351120523800,HTTP,282,0
70351138292500,HTTP,282,0
70351163704500,HTTP,282,0
70351179187700,HTTP,282,0
70351200313400,HTTP,282,0
70351219616600,HTTP,282,0
70351237083500,HTTP,282,0
70351255156300,HTTP,282,0
70351271562100,HTTP,282,0
70351286819500,HTTP,282,0
70351304179400,HTTP,282,0
70351323093400,HTTP,282,0
70351351045600,HTTP,282,0
70351368900800,HTTP,282,0
70351384553700,HTTP,282,0
70351400915700,HTTP,282,0
70351417369300,HTTP,282,0
70351434222900,HTTP,282,0
70351459728800,HTTP,282,0
70351476340100,HTTP,282,0
70351491914900,HTTP,282,0
70351508984600,HTTP,282,0
70351525226000,HTTP,282,0
70351542921700,HTTP,282,0
70351566729400,HTTP,282,0
70351590476900,HTTP,282,0
70351605364800,HTTP,282,0
70351620154300,HTTP,282,0
70351634908700,HTTP,282,0
70351651367600,HTTP,282,0
70351667364700,HTTP,282,0
70351682544300,HTTP,282,0
70351697086800,HTTP,282,0
70351712163000,HTTP,282,0
70351739996700,HTTP,282,0
70351760851400,HTTP,282,0
70351776533400,HTTP,282,0
70351791255000,HTTP,282,0
70351806036800,HTTP,282,0
70351824592000,HTTP,282,0
70351841006600,HTTP,282,0
70351858592300,HTTP,282,0
70351878460600,HTTP,282,0
70351893537000,HTTP,282,0
70351924868100,HTTP,282,0
70351941669200,HTTP,282,0
70351965628200,HTTP,282,0
70351987553800,HTTP,282,0
70352013575900,HTTP,282,0
70352030113100,HTTP,282,0
70352049003300,HTTP,282,0
70352072625000,HTTP,282,0
70352112951100,HTTP,282,0
70352147468500,HTTP,282,0
70352198936800,HTTP,282,0
70352214412800,HTTP,282,0
70352233885200,HTTP,282,0
70352249695800,HTTP,282,0
70352267795700,HTTP,282,0
70352286553300,HTTP,282,0
70352302007200,HTTP,282,0
70352326807100,HTTP,282,0
70352341487600,HTTP,282,0
70352357617200,HTTP,282,0
70352399394600,HTTP,282,0
70352414267000,HTTP,282,0
70352430056300,HTTP,282,0
70352444852000,HTTP,282,0
70352459954900,HTTP,282,0
70352485592100,HTTP,282,0
70352505535800,HTTP,282,0
70352525037500,HTTP,282,0
70352545795100,HTTP,282,0
70352566237600,HTTP,282,0
70352590237600,HTTP,282,0
70352630572600,HTTP,282,0
70352646185000,HTTP,282,0
70352662922900,HTTP,282,0
70352691576600,HTTP,282,0
70352706642400,HTTP,282,0
70352721763000,HTTP,282,0
70352736523100,HTTP,282,0
70352752640300,HTTP,282,0
70352771358700,HTTP,282,0
70352795132900,HTTP,282,0
70352811577300,HTTP,282,0
70352828960500,HTTP,282,0
70352847217400,HTTP,282,0
70352863519500,HTTP,282,0
70352880886900,HTTP,282,0
70352897354500,HTTP,282,0
70352913039300,HTTP,282,0
70352929290100,HTTP,282,0
70352943917300,HTTP,282,0
70352961847900,HTTP,282,0
70352975985800,HTTP,282,0
70352992933100,HTTP,282,0
70353009112600,HTTP,282,0
70353024284600,HTTP,282,0
70353039239500,HTTP,282,0
70353054106300,HTTP,282,0
70353069834400,HTTP,282,0
70353087459500,HTTP,282,0
70353105034700,HTTP,282,0
70353142567200,HTTP,282,0
70353157587400,HTTP,282,0
70353172750400,HTTP,282,0
70353194707000,HTTP,282,0
70353210149500,HTTP,282,0
70353224315500,HTTP,282,0
70353239927800,HTTP,282,0
70353257434800,HTTP,282,0
70353275012900,HTTP,282,0
70353296097200,HTTP,282,0
70353311419100,HTTP,282,0
70353326328900,HTTP,282,0
70353342388700,HTTP,282,0
70353361416700,HTTP,282,0
70353378704400,HTTP,282,0
70353399230200,HTTP,282,0
70353417567100,HTTP,282,0
70353436716800,HTTP,282,0
70353456094900,HTTP,282,0
70353472931600,HTTP,282,0
70353490703500,HTTP,282,0
70353511047900,HTTP,282,0
70353528018100,HTTP,282,0
70353542954300,HTTP,282,0
70353559363200,HTTP,282,0
70353587566900,HTTP,282,0
70353614451500,HTTP,282,0
70353635983800,HTTP,282,0
70353652350500,HTTP,282,0
70353673030200,HTTP,282,0
70353691056400,HTTP,282,0
70353709671800,HTTP,282,0
70353725243700,HTTP,282,0
70353739702000,HTTP,282,0
70353755289100,HTTP,282,0
70353769844400,HTTP,282,0
70353786339400,HTTP,282,0
70353803900500,HTTP,282,0
70353822039700,HTTP,282,0
70353836398400,HTTP,282,0
70353850892300,HTTP,282,0
70353865454400,HTTP,282,0
70353879791800,HTTP,282,0
70353894448500,HTTP,282,0
70353912257900,HTTP,282,0
70353927238700,HTTP,282,0
70353941769700,HTTP,282,0
70353957013000,HTTP,282,0
70353987081700,HTTP,282,0
70354008118400,HTTP,282,0
70354026238100,HTTP,282,0
70354041507400,HTTP,282,0
70354057005900,HTTP,282,0
70354075499400,HTTP,282,0
70354093399000,HTTP,282,0
70354111668900,HTTP,282,0
70354132532100,HTTP,282,0
70354153516700,HTTP,282,0
70354174045200,HTTP,282,0
70354195482600,HTTP,282,0
70354219148000,HTTP,282,0
70354238142900,HTTP,282,0
70354256411500,HTTP,282,0
70354275403200,HTTP,282,0
70354293131000,HTTP,282,0
70354309364500,HTTP,282,0
70354327196900,HTTP,282,0
70354342376600,HTTP,282,0
70354359639700,HTTP,282,0
70354375108400,HTTP,282,0
70354393671200,HTTP,282,0
70354408344600,HTTP,282,0
70354425161500,HTTP,282,0
70354442144800,HTTP,282,0
70354456656200,HTTP,282,0
70354471465100,HTTP,282,0
70354485908800,HTTP,282,0
70354501257000,HTTP,282,0
70354516700600,HTTP,282,0
70354541901300,HTTP,282,0
70354556401300,HTTP,282,0
70354577646600,HTTP,282,0
70354592462800,HTTP,282,0
70354607675400,HTTP,282,0
70354630838600,HTTP,282,0
70354650962600,HTTP,282,0
70354667797400,HTTP,282,0
70354683873700,HTTP,282,0
70354709950200,HTTP,282,0
70354741409000,HTTP,282,0
70354761690400,HTTP,282,0
70354786422900,HTTP,282,0
70354801979500,HTTP,282,0
70354818296600,HTTP,282,0
70354838365300,HTTP,282,0
70354853701200,HTTP,282,0
70354870326600,HTTP,282,0
70354886795100,HTTP,282,0
70354902183100,HTTP,282,0
70354918689500,HTTP,282,0
70354938248000,HTTP,282,0
70354954501200,HTTP,282,0
70354975634100,HTTP,282,0
70354991211500,HTTP,282,0
70355010346400,HTTP,282,0
70355024764300,HTTP,282,0
70355044578700,HTTP,282,0
70355059537600,HTTP,282,0
70355074581000,HTTP,282,0
70355092548600,HTTP,282,0
70355107245000,HTTP,282,0
70355121844900,HTTP,282,0
70355140856100,HTTP,282,0
70355157256400,HTTP,282,0
70355173903700,HTTP,282,0
70355194281100,HTTP,282,0
70355208748900,HTTP,282,0
70355226904300,HTTP,282,0
70355244694800,HTTP,282,0
70355259928700,HTTP,282,0
70355274751900,HTTP,282,0
70355288960800,HTTP,282,0
70355305412000,HTTP,282,0
70355320169800,HTTP,282,0
70355337933600,HTTP,282,0
70355356136300,HTTP,282,0
70355372378400,HTTP,282,0
70355387263400,HTTP,282,0
70355403275800,HTTP,282,0
70355418913100,HTTP,282,0
70355434362600,HTTP,282,0
70355461529200,HTTP,282,0
70355477175300,HTTP,282,0
70355492791800,HTTP,282,0
70355510711000,HTTP,282,0
70355525016700,HTTP,282,0
70355539239200,HTTP,282,0
70355557222700,HTTP,282,0
70355588792800,HTTP,282,0
70355603655100,HTTP,282,0
70355619065700,HTTP,282,0
70355633893300,HTTP,282,0
70355661080800,HTTP,282,0
70355675862700,HTTP,282,0
70355690516000,HTTP,282,0
70355705532400,HTTP,282,0
70355720324900,HTTP,282,0
70355735918100,HTTP,282,0
70355757874000,HTTP,282,0
70355773301000,HTTP,282,0
70355788963400,HTTP,282,0
70355803505900,HTTP,282,0
70355818550900,HTTP,282,0
70355834436500,HTTP,282,0
70355852323200,HTTP,282,0
70355872638100,HTTP,282,0
70355889960600,HTTP,282,0
70355907008100,HTTP,282,0
70355922696800,HTTP,282,0
70355942448700,HTTP,282,0
70355962209700,HTTP,282,0
70355981164600,HTTP,282,0
70356005941200,HTTP,282,0
70356024291900,HTTP,282,0
70356041154000,HTTP,282,0
70356061848400,HTTP,282,0
70356079690200,HTTP,282,0
70356094805200,HTTP,282,0
70356110262200,HTTP,282,0
70356126196800,HTTP,282,0
70356141019400,HTTP,282,0
70356156666800,HTTP,282,0
70356172955700,HTTP,282,0
70356188566600,HTTP,282,0
70356203398400,HTTP,282,0
70356219101500,HTTP,282,0
70356233849400,HTTP,282,0
70356250822300,HTTP,282,0
70356267588600,HTTP,282,0
70356283097200,HTTP,282,0
70356298532300,HTTP,282,0
70356313493500,HTTP,282,0
70356329905800,HTTP,282,0
70356345374600,HTTP,282,0
70356362789300,HTTP,282,0
70356380936400,HTTP,282,0
70356395878100,HTTP,282,0
70356410750200,HTTP,282,0
70356425006400,HTTP,282,0
70356442074400,HTTP,282,0
70356465508600,HTTP,282,0
70356485548200,HTTP,282,0
70356503816800,HTTP,282,0
70356521508300,HTTP,282,0
70356541400200,HTTP,282,0
70356562472500,HTTP,282,0
70356586124000,HTTP,282,0
70356605600700,HTTP,282,0
70356623689800,HTTP,282,0
70356642227000,HTTP,282,0
70356656367600,HTTP,282,0
70356675266600,HTTP,282,0
70356691644900,HTTP,282,0
70356705923800,HTTP,282,0
70356720423400,HTTP,282,0
70356738005500,HTTP,282,0
70356753295200,HTTP,282,0
70356768257000,HTTP,282,0
70356783830700,HTTP,282,0
70356798956500,HTTP,282,0
70356813607000,HTTP,282,0
70356831555600,HTTP,282,0
70356847427900,HTTP,282,0
70356862243600,HTTP,282,0
70356880318600,HTTP,282,0
70356897984300,HTTP,282,0
70356914818900,HTTP,282,0
70356929781100,HTTP,282,0
70356946322300,HTTP,282,0
70356962738300,HTTP,282,0
70356977840200,HTTP,282,0
70356998316200,HTTP,282,0
70357019503200,HTTP,282,0
70357053240800,HTTP,282,0
70357075434200,HTTP,282,0
70357101695100,HTTP,282,0
70357118748800,HTTP,282,0
70357136137700,HTTP,282,0
70357154764400,HTTP,282,0
70357172208400,HTTP,282,0
70357193970300,HTTP,282,0
70357210570500,HTTP,282,0
70357226109600,HTTP,282,0
70357242993900,HTTP,282,0
70357259576400,HTTP,282,0
70357276276400,HTTP,282,0
70357296219200,HTTP,282,0
70357315167200,HTTP,282,0
70357334999700,HTTP,282,0
70357355148200,HTTP,282,0
70357376443900,HTTP,282,0
70357396271200,HTTP,282,0
70357413255500,HTTP,282,0
70357428042800,HTTP,282,0
70357442867800,HTTP,282,0
70357458241400,HTTP,282,0
70357476414200,HTTP,282,0
70357495885800,HTTP,282,0
70357511117100,HTTP,282,0
70357526714400,HTTP,282,0
70357541978800,HTTP,282,0
70357560256900,HTTP,282,0
70357584665000,HTTP,282,0
70357606362400,HTTP,282,0
70357624559100,HTTP,282,0
70357639578700,HTTP,282,0
70357655573500,HTTP,282,0
70357671025200,HTTP,282,0
70357685404600,HTTP,282,0
70357703255000,HTTP,282,0
70357718625400,HTTP,282,0
70357733383800,HTTP,282,0
70357748751800,HTTP,282,0
70357764169700,HTTP,282,0
70357779681500,HTTP,282,0
70357796329700,HTTP,282,0
70357815077700,HTTP,282,0
70357832535700,HTTP,282,0
70357848240700,HTTP,282,0
70357865946500,HTTP,282,0
70357885259700,HTTP,282,0
70357904491100,HTTP,282,0
70357920328300,HTTP,282,0
70357936256300,HTTP,282,0
70357951679400,HTTP,282,0
70357968927200,HTTP,282,0
70357985810500,HTTP,282,0
70358008390600,HTTP,282,0
70358023997300,HTTP,282,0
70358039019100,HTTP,282,0
70358053883200,HTTP,282,0
70358070489000,HTTP,282,0
70358087685700,HTTP,282,0
70358102829400,HTTP,282,0
70358120069600,HTTP,282,0
70358135582000,HTTP,282,0
70358153139700,HTTP,282,0
70358168337000,HTTP,282,0
70358186719100,HTTP,282,0
70358204288700,HTTP,282,0
70358220519200,HTTP,282,0
70358237574600,HTTP,282,0
70358252155400,HTTP,282,0
70358267208700,HTTP,282,0
70358282024100,HTTP,282,0
70358298589300,HTTP,282,0
70358317228100,HTTP,282,0
70358332336500,HTTP,282,0
70358347539900,HTTP,282,0
70358362725100,HTTP,282,0
70358377487800,HTTP,282,0
70358392556800,HTTP,282,0
70358410468100,HTTP,282,0
70358428915100,HTTP,282,0
70358443791000,HTTP,282,0
70358460786200,HTTP,282,0
70358475874500,HTTP,282,0
70358491882000,HTTP,282,0
70358507530400,HTTP,282,0
70358524734500,HTTP,282,0
70358540836300,HTTP,282,0
70358557800100,HTTP,282,0
70358580233900,HTTP,282,0
70358595470900,HTTP,282,0
70358610292000,HTTP,282,0
70358626333100,HTTP,282,0
70358641670600,HTTP,282,0
70358656619600,HTTP,282,0
70358674561400,HTTP,282,0
70358689501700,HTTP,282,0
70358706713300,HTTP,282,0
70358724161200,HTTP,282,0
70358740057300,HTTP,282,0
70358754916600,HTTP,282,0
70358770640700,HTTP,282,0
70358786932600,HTTP,282,0
70358801993100,HTTP,282,0
70358819049600,HTTP,282,0
70358835048400,HTTP,282,0
70358850462400,HTTP,282,0
70358866302300,HTTP,282,0
70358881253700,HTTP,282,0
70358899006100,HTTP,282,0
70358916249600,HTTP,282,0
70358933462400,HTTP,282,0
70358949277900,HTTP,282,0
70358976390400,HTTP,282,0
70358991548500,HTTP,282,0
70359013171300,HTTP,282,0
70359032533100,HTTP,282,0
70359048003900,HTTP,282,0
70359064002400,HTTP,282,0
70359079566000,HTTP,282,0
70359094895600,HTTP,282,0
70359111087100,HTTP,282,0
70359126516900,HTTP,282,0
70359143178000,HTTP,282,0
70359158589000,HTTP,282,0
70359175466500,HTTP,282,0
70359192866100,HTTP,282,0
70359210906300,HTTP,282,0
70359226648400,HTTP,282,0
70359244271900,HTTP,282,0
70359260012600,HTTP,282,0
70359276853400,HTTP,282,0
70359294542700,HTTP,282,0
70359310837600,HTTP,282,0
70359325104300,HTTP,282,0
70359343056600,HTTP,282,0
70359359440500,HTTP,282,0
70359374032600,HTTP,282,0
70359391037600,HTTP,282,0
70359410480600,HTTP,282,0
70359429328600,HTTP,282,0
70359450030000,HTTP,282,0
70359469268300,HTTP,282,0
70359485805300,HTTP,282,0
70359506523900,HTTP,282,0
70359525677200,HTTP,282,0
70359550112500,HTTP,282,0
70359579404500,HTTP,282,0
70359599459700,HTTP,282,0
70359615581100,HTTP,282,0
70359630146900,HTTP,282,0
70359649900200,HTTP,282,0
70359665111400,HTTP,282,0
70359681804500,HTTP,282,0
70359699692700,HTTP,282,0
70359716588400,HTTP,282,0
70359735909900,HTTP,282,0
70359757166300,HTTP,282,0
70359772967300,HTTP,282,0
70359796017000,HTTP,282,0
70359813151600,HTTP,282,0
70359829458500,HTTP,282,0
70359844605500,HTTP,282,0
70359876489600,HTTP,282,0
70359891237500,HTTP,282,0
70359906663300,HTTP,282,0
70359922798200,HTTP,282,0
70359937033800,HTTP,282,0
70359954725800,HTTP,282,0
70359972160800,HTTP,282,0
70359990811500,HTTP,282,0
70360006395800,HTTP,282,0
70360024310400,HTTP,282,0
70360038420300,HTTP,282,0
70360057247100,HTTP,282,0
70360073516400,HTTP,282,0
70360089866300,HTTP,282,0
70360104263300,HTTP,282,0
70360119648600,HTTP,282,0
70360133817600,HTTP,282,0
70360150428700,HTTP,282,0
70360166983000,HTTP,282,0
70360184664500,HTTP,282,0
70360205649700,HTTP,282,0
70360223427300,HTTP,282,0
70360238867000,HTTP,282,0
70360253825500,HTTP,282,0
70360280225000,HTTP,282,0
70360296006100,HTTP,282,0
70360316228500,HTTP,282,0
70360331683700,HTTP,282,0
70360346224200,HTTP,282,0
70360363335000,HTTP,282,0
70360378781400,HTTP,282,0
70360393605300,HTTP,282,0
70360410614200,HTTP,282,0
70360428851700,HTTP,282,0
70360443334500,HTTP,282,0
70360459474900,HTTP,282,0
70360477145800,HTTP,282,0
70360491728900,HTTP,282,0
70360506482600,HTTP,282,0
70360521296900,HTTP,282,0
70360535690900,HTTP,282,0
70360551113100,HTTP,282,0
70360569739000,HTTP,282,0
70360594703100,HTTP,282,0
70360609201800,HTTP,282,0
70360624317900,HTTP,282,0
70360641113400,HTTP,282,0
70360656274100,HTTP,282,0
70360673855600,HTTP,282,0
70360689184500,HTTP,282,0
70360705227900,HTTP,282,0
70360723891800,HTTP,282,0
70360742752600,HTTP,282,0
70360757899600,HTTP,282,0
70360780642900,HTTP,282,0
70360798795300,HTTP,282,0
70360815767200,HTTP,282,0
70360833116600,HTTP,282,0
70360848083600,HTTP,282,0
70360863014000,HTTP,282,0
70360878966600,HTTP,282,0
70360893844300,HTTP,282,0
70360909108800,HTTP,282,0
70360924463800,HTTP,282,0
70360939128500,HTTP,282,0
70360953916200,HTTP,282,0
70360970387200,HTTP,282,0
70360990077000,HTTP,282,0
70361013612900,HTTP,282,0
70361031508700,HTTP,282,0
70361046680500,HTTP,282,0
70361062057100,HTTP,282,0
70361080074100,HTTP,282,0
70361100138500,HTTP,282,0
70361117681300,HTTP,282,0
70361133562400,HTTP,282,0
70361151776000,HTTP,282,0
70361176841500,HTTP,282,0
70361198984600,HTTP,282,0
70361215328700,HTTP,282,0
70361231944000,HTTP,282,0
70361252274200,HTTP,282,0
70361271107200,HTTP,282,0
70361289812400,HTTP,282,0
70361305299800,HTTP,282,0
70361320105200,HTTP,282,0
70361337725200,HTTP,282,0
70366505994700,MQTT,102,0
70366511554400,MQTT,102,0
70366511843900,MQTT,102,0
70366511965800,MQTT,102,0
70366512075000,MQTT,102,0
70366512391900,MQTT,102,0
70366512229800,MQTT,102,0
70366512538900,MQTT,102,0
70366512683000,MQTT,102,0
70366512811400,MQTT,102,0
70366520982700,MQTT,102,0
70366521257700,MQTT,102,0
70366521760500,MQTT,102,0
70366521430800,MQTT,102,0
70366521600900,MQTT,102,0
70366521895900,MQTT,102,0
70366583048100,MQTT,102,0
70366583593400,MQTT,102,0
70366583789000,MQTT,102,0
70366583913700,MQTT,102,0
70366584008500,MQTT,102,0
70366613351100,MQTT,102,0
70366613634400,MQTT,102,0
70366613967700,MQTT,102,0
70366613837400,MQTT,102,0
70366613750300,MQTT,102,0
70366614132000,MQTT,102,0
70366614264200,MQTT,102,0
70366614886000,MQTT,102,0
70366614660800,MQTT,102,0
70366614444600,MQTT,102,0
70366614956100,MQTT,102,0
70366614787800,MQTT,102,0
70366615023900,MQTT,102,0
70366615092900,MQTT,102,0
70366615158600,MQTT,102,0
70366615495500,MQTT,102,0
70366615595000,MQTT,102,0
70366615772000,MQTT,102,0
70366615684600,MQTT,102,0
70366617464800,MQTT,102,0
70366618680500,MQTT,102,0
70366618182600,MQTT,102,0
70366618492700,MQTT,102,0
70366618935400,MQTT,102,0
70366618818600,MQTT,102,0
70366619134300,MQTT,102,0
70366615231600,MQTT,102,0
70366619037000,MQTT,102,0
70366619279000,MQTT,102,0
70366615363200,MQTT,102,0
70366667719000,MQTT,102,0
70366668444500,MQTT,102,0
70366668738300,MQTT,102,0
70366668960500,MQTT,102,0
70366669182900,MQTT,102,0
70366672737100,MQTT,102,0
70366676937200,MQTT,102,0
70366677767900,MQTT,102,0
70366677610300,MQTT,102,0
70366677439000,MQTT,102,0
70366683477700,MQTT,102,0
70366683857500,MQTT,102,0
70366684038200,MQTT,102,0
70366684171500,MQTT,102,0
70366684293400,MQTT,102,0
70366684437900,MQTT,102,0
70366684760600,MQTT,102,0
70366691792200,MQTT,102,0
70366692194000,MQTT,102,0
70366692430400,MQTT,102,0
70366693205600,MQTT,102,0
70366692628700,MQTT,102,0
70366693502300,MQTT,102,0
70366692799300,MQTT,102,0
70366693624800,MQTT,102,0
70366693369000,MQTT,102,0
70366710825500,MQTT,102,0
70366711329800,MQTT,102,0
70366711509700,MQTT,102,0
70366711663100,MQTT,102,0
70366711796200,MQTT,102,0
70366715660600,MQTT,102,0
70366723222100,MQTT,102,0
70366724094600,MQTT,102,0
70366724367800,MQTT,102,0
70366724524800,MQTT,102,0
70366724701200,MQTT,102,0
70366724886700,MQTT,102,0
70366724800100,MQTT,102,0
70366724968900,MQTT,102,0
70366725047500,MQTT,102,0
70366731762800,MQTT,102,0
70366732566700,MQTT,102,0
70366733308500,MQTT,102,0
70366732916400,MQTT,102,0
70366732111700,MQTT,102,0
70366733590400,MQTT,102,0
70366740767000,MQTT,102,0
70366741779300,MQTT,102,0
70366742185500,MQTT,102,0
70366742460200,MQTT,102,0
70366742624200,MQTT,102,0
70366742792500,MQTT,102,0
70366742976400,MQTT,102,0
70366743096700,MQTT,102,0
70366743234400,MQTT,102,0
70366743373600,MQTT,102,0
70366750842500,MQTT,102,0
70366751131600,MQTT,102,0
70366751308000,MQTT,102,0
70366751475600,MQTT,102,0
70366751769200,MQTT,102,0
70366751646400,MQTT,102,0
70366812241900,MQTT,102,0
70366812810700,MQTT,102,0
70366813039300,MQTT,102,0
70366813201300,MQTT,102,0
70366813340200,MQTT,102,0
70366817430600,MQTT,102,0
70366817864300,MQTT,102,0
70366818438800,MQTT,102,0
70366818177600,MQTT,102,0
70366818908300,MQTT,102,0
70366825072700,MQTT,102,0
70366825624000,MQTT,102,0
70366825941600,MQTT,102,0
70366826170100,MQTT,102,0
70366826942200,MQTT,102,0
70366826310000,MQTT,102,0
70366827317100,MQTT,102,0
70366826709200,MQTT,102,0
70366827154400,MQTT,102,0
70366827492400,MQTT,102,0
70366883767400,MQTT,102,0
70366884094700,MQTT,102,0
70366884513200,MQTT,102,0
70366884765800,MQTT,102,0
70366884914600,MQTT,102,0
70366888617600,MQTT,102,0
70366893402800,MQTT,102,0
70366892966700,MQTT,102,0
70366893664700,MQTT,102,0
70366893564700,MQTT,102,0
70366897992500,MQTT,102,0
70366898549100,MQTT,102,0
70366898804000,MQTT,102,0
70366898993700,MQTT,102,0
70366899201100,MQTT,102,0
70366899365500,MQTT,102,0
70366908553800,MQTT,102,0
70366909343900,MQTT,102,0
70366909603500,MQTT,102,0
70366909752700,MQTT,102,0
70366909867900,MQTT,102,0
70366910080500,MQTT,102,0
70366909973500,MQTT,102,0
70366910195800,MQTT,102,0
70366910296800,MQTT,102,0
70366961716200,MQTT,102,0
70366962217300,MQTT,102,0
70366962553500,MQTT,102,0
70366962407400,MQTT,102,0
70366962686400,MQTT,102,0
70366967080500,MQTT,102,0
70366971700100,MQTT,102,0
70366972156500,MQTT,102,0
70366972616300,MQTT,102,0
70366972357700,MQTT,102,0
70366972825000,MQTT,102,0
70366976411500,MQTT,102,0
70366977102900,MQTT,102,0
70366977341100,MQTT,102,0
70366977458200,MQTT,102,0
70366977727700,MQTT,102,0
70366977576300,MQTT,102,0
70367017897300,MQTT,102,0
70367018480400,MQTT,102,0
70367018726300,MQTT,102,0
70367018853900,MQTT,102,0
70367019029200,MQTT,102,0
70367019429300,MQTT,102,0
70367018636000,MQTT,102,0
70367019583300,MQTT,102,0
70367019198800,MQTT,102,0
70367029203100,MQTT,102,0
70367029862300,MQTT,102,0
70367030186400,MQTT,102,0
70367030941000,MQTT,102,0
70367031223200,MQTT,102,0
70367031432000,MQTT,102,0
70367083876800,MQTT,102,0
70367085339900,MQTT,102,0
70367085132900,MQTT,102,0
70367084537600,MQTT,102,0
70367084879500,MQTT,102,0
70367089136500,MQTT,102,0
70367089400100,MQTT,102,0
70367089513100,MQTT,102,0
70367089769700,MQTT,102,0
70367089642800,MQTT,102,0
70367093233200,MQTT,102,0
70367098677900,MQTT,102,0
70367099012800,MQTT,102,0
70367099626600,MQTT,102,0
70367099399300,MQTT,102,0
70367100292100,MQTT,102,0
70367099781400,MQTT,102,0
70367100701800,MQTT,102,0
70367100973600,MQTT,102,0
70367101175600,MQTT,102,0
70367120394100,MQTT,102,0
70367121108900,MQTT,102,0
70367120679100,MQTT,102,0
70367121326800,MQTT,102,0
70367121462400,MQTT,102,0
70367125550500,MQTT,102,0
70367133627900,MQTT,102,0
70367134492100,MQTT,102,0
70367134710200,MQTT,102,0
70367134208400,MQTT,102,0
70367135603500,MQTT,102,0
70367135318300,MQTT,102,0
70367135797300,MQTT,102,0
70367134926000,MQTT,102,0
70367135914500,MQTT,102,0
70367188905000,MQTT,102,0
70367189414300,MQTT,102,0
70367189658900,MQTT,102,0
70367189823000,MQTT,102,0
70367189931000,MQTT,102,0
70367194302000,MQTT,102,0
70367200160800,MQTT,102,0
70367200917000,MQTT,102,0
70367201270500,MQTT,102,0
70367200470000,MQTT,102,0
70367201531700,MQTT,102,0
70367205600000,MQTT,102,0
70367205940900,MQTT,102,0
70367206437900,MQTT,102,0
70367206167500,MQTT,102,0
70367206536100,MQTT,102,0
70367206318400,MQTT,102,0
70367268390400,MQTT,102,0
70367268766800,MQTT,102,0
70367269020200,MQTT,102,0
70367268894200,MQTT,102,0
70367269180100,MQTT,102,0
70367273868500,MQTT,102,0
70367274219500,MQTT,102,0
70367274350600,MQTT,102,0
70367274476800,MQTT,102,0
70367277375000,MQTT,102,0
70367284692200,MQTT,102,0
70367285340600,MQTT,102,0
70367285849400,MQTT,102,0
70367285632400,MQTT,102,0
70367286528700,MQTT,102,0
70367286305700,MQTT,102,0
70367286635900,MQTT,102,0
70367285957200,MQTT,102,0
70367286753300,MQTT,102,0
70367292874300,MQTT,102,0
70367293318000,MQTT,102,0
70367293745500,MQTT,102,0
70367293904400,MQTT,102,0
70367293633200,MQTT,102,0
70367293512800,MQTT,102,0
70367294145700,MQTT,102,0
70367302020900,MQTT,102,0
70367302280500,MQTT,102,0
70367302720200,MQTT,102,0
70367302953400,MQTT,102,0
70367303063100,MQTT,102,0
70367303202800,MQTT,102,0
70367303338800,MQTT,102,0
70367303499300,MQTT,102,0
70367303663100,MQTT,102,0
70367327752000,MQTT,102,0
70367328612200,MQTT,102,0
70367328313700,MQTT,102,0
70367328780600,MQTT,102,0
70367328948200,MQTT,102,0
70367333049400,MQTT,102,0
70367340244100,MQTT,102,0
70367341684400,MQTT,102,0
70367341491600,MQTT,102,0
70367341813400,MQTT,102,0
70367341911700,MQTT,102,0
70367341994100,MQTT,102,0
70367342166600,MQTT,102,0
70367341083800,MQTT,102,0
70367342084100,MQTT,102,0
70367393502700,MQTT,102,0
70367394076700,MQTT,102,0
70367394496300,MQTT,102,0
70367394327400,MQTT,102,0
70367394627600,MQTT,102,0
70367399244300,MQTT,102,0
70367403704500,MQTT,102,0
70367404435900,MQTT,102,0
70367404578900,MQTT,102,0
70367404223100,MQTT,102,0
70367404700500,MQTT,102,0
70367409103900,MQTT,102,0
70367409556500,MQTT,102,0
70367409728800,MQTT,102,0
70367409379900,MQTT,102,0
70367409860500,MQTT,102,0
70367409981900,MQTT,102,0
70367430143600,MQTT,102,0
70367431090200,MQTT,102,0
70367431389600,MQTT,102,0
70367430815200,MQTT,102,0
70367431488400,MQTT,102,0
70367443096100,MQTT,102,0
70367443535100,MQTT,102,0
70367443810600,MQTT,102,0
70367444527900,MQTT,102,0
70367443972800,MQTT,102,0
70367444696600,MQTT,102,0
70367444853600,MQTT,102,0
70367444337800,MQTT,102,0
70367444982500,MQTT,102,0
70367445117900,MQTT,102,0
70367505661900,MQTT,102,0
70367506204500,MQTT,102,0
70367506439100,MQTT,102,0
70367506595200,MQTT,102,0
70367506770000,MQTT,102,0
70367511452700,MQTT,102,0
70367511905500,MQTT,102,0
70367512137600,MQTT,102,0
70367512318900,MQTT,102,0
70367512465000,MQTT,102,0
70367513543400,MQTT,102,0
70367522244800,MQTT,102,0
70367522602800,MQTT,102,0
70367523286400,MQTT,102,0
70367523007000,MQTT,102,0
70367523843500,MQTT,102,0
70367524139200,MQTT,102,0
70367523996200,MQTT,102,0
70367523514000,MQTT,102,0
70367524297200,MQTT,102,0
70367529487100,MQTT,102,0
70367530045400,MQTT,102,0
70367530300300,MQTT,102,0
70367530462600,MQTT,102,0
70367530573400,MQTT,102,0
70367535192500,MQTT,102,0
70367542561600,MQTT,102,0
70367543186500,MQTT,102,0
70367543303800,MQTT,102,0
70367543435400,MQTT,102,0
70367542987200,MQTT,102,0
70367544128000,MQTT,102,0
70367543760600,MQTT,102,0
70367543954900,MQTT,102,0
70367544270700,MQTT,102,0
70367550844000,MQTT,102,0
70367551345700,MQTT,102,0
70367551147700,MQTT,102,0
70367551755100,MQTT,102,0
70367551555700,MQTT,102,0
70367551885600,MQTT,102,0
70367559771400,MQTT,102,0
70367560357900,MQTT,102,0
70367560620300,MQTT,102,0
70367560526500,MQTT,102,0
70367560915000,MQTT,102,0
70367561219500,MQTT,102,0
70367560755000,MQTT,102,0
70367561347500,MQTT,102,0
70367561065300,MQTT,102,0
70367561488400,MQTT,102,0
70367609386900,MQTT,102,0
70367609954100,MQTT,102,0
70367610213300,MQTT,102,0
70367610421400,MQTT,102,0
70367610620100,MQTT,102,0
70367615274700,MQTT,102,0
70367618565200,MQTT,102,0
70367618979600,MQTT,102,0
70367619173700,MQTT,102,0
70367619310900,MQTT,102,0
70367624467900,MQTT,102,0
70367625146000,MQTT,102,0
70367624909900,MQTT,102,0
70367625416200,MQTT,102,0
70367625294900,MQTT,102,0
70367625652700,MQTT,102,0
70367688990800,MQTT,102,0
70367689519500,MQTT,102,0
70367690020300,MQTT,102,0
70367690190200,MQTT,102,0
70367690316700,MQTT,102,0
70367694191600,MQTT,102,0
70367694615300,MQTT,102,0
70367694785200,MQTT,102,0
70367694960900,MQTT,102,0
70367695095600,MQTT,102,0
70367698912100,MQTT,102,0
70367704738400,MQTT,102,0
70367705187400,MQTT,102,0
70367706127200,MQTT,102,0
70367705845300,MQTT,102,0
70367706497600,MQTT,102,0
70367706685700,MQTT,102,0
70367706331100,MQTT,102,0
70367706844200,MQTT,102,0
70367706972500,MQTT,102,0
70367712369700,MQTT,102,0
70367713238400,MQTT,102,0
70367713586700,MQTT,102,0
70367713782400,MQTT,102,0
70367713942100,MQTT,102,0
70367714098600,MQTT,102,0
70367769199200,MQTT,102,0
70367769690900,MQTT,102,0
70367769571300,MQTT,102,0
70367769811400,MQTT,102,0
70367769962700,MQTT,102,0
70367775721300,MQTT,102,0
70367775279300,MQTT,102,0
70367775868900,MQTT,102,0
70367775971700,MQTT,102,0
70367779338600,MQTT,102,0
70367786933400,MQTT,102,0
70367787382100,MQTT,102,0
70367787566000,MQTT,102,0
70367788086700,MQTT,102,0
70367787806400,MQTT,102,0
70367787708400,MQTT,102,0
70367788215500,MQTT,102,0
70367788313700,MQTT,102,0
70367788403700,MQTT,102,0
70367788489100,MQTT,102,0
70367836253800,MQTT,102,0
70367836806100,MQTT,102,0
70367836928400,MQTT,102,0
70367836667400,MQTT,102,0
70367837082300,MQTT,102,0
70367842295800,MQTT,102,0
70367847263700,MQTT,102,0
70367847633400,MQTT,102,0
70367846901300,MQTT,102,0
70367847801900,MQTT,102,0
70367851553400,MQTT,102,0
70367852278200,MQTT,102,0
70367853250800,MQTT,102,0
70367852829900,MQTT,102,0
70367851874000,MQTT,102,0
70367853524500,MQTT,102,0
70367909442000,MQTT,102,0
70367909993900,MQTT,102,0
70367910448300,MQTT,102,0
70367910245200,MQTT,102,0
70367910628600,MQTT,102,0
70367913827400,MQTT,102,0
70367914099000,MQTT,102,0
70367914447700,MQTT,102,0
70367914776400,MQTT,102,0
70367918173100,MQTT,102,0
70367923842900,MQTT,102,0
70367924434700,MQTT,102,0
70367924874600,MQTT,102,0
70367924749800,MQTT,102,0
70367925383000,MQTT,102,0
70367925528800,MQTT,102,0
70367925020900,MQTT,102,0
70367924644300,MQTT,102,0
70367925674100,MQTT,102,0
70367925820600,MQTT,102,0
70367983862500,MQTT,102,0
70367984121900,MQTT,102,0
70367984332700,MQTT,102,0
70367983246300,MQTT,102,0
70367984461900,MQTT,102,0
70367988589100,MQTT,102,0
70367994304000,MQTT,102,0
70367994607300,MQTT,102,0
70367994922600,MQTT,102,0
70367995110200,MQTT,102,0
70367998914800,MQTT,102,0
70367999259900,MQTT,102,0
70367999751100,MQTT,102,0
70367999608400,MQTT,102,0
70367999475700,MQTT,102,0
70368000019900,MQTT,102,0
70368041901400,MQTT,102,0
70368042348300,MQTT,102,0
70368042515500,MQTT,102,0
70368042623200,MQTT,102,0
70368042703500,MQTT,102,0
70368047212400,MQTT,102,0
70368047464900,MQTT,102,0
70368046715900,MQTT,102,0
70368047757800,MQTT,102,0
70368053312400,MQTT,102,0
70368054448600,MQTT,102,0
70368054649900,MQTT,102,0
70368053945000,MQTT,102,0
70368054786500,MQTT,102,0
70368054910600,MQTT,102,0
70368055032500,MQTT,102,0
70368065848300,MQTT,102,0
70368066368500,MQTT,102,0
70368066770500,MQTT,102,0
70368066598600,MQTT,102,0
70368067206100,MQTT,102,0
70368066907400,MQTT,102,0
70368067635300,MQTT,102,0
70368067412300,MQTT,102,0
70368067762900,MQTT,102,0
70368073938200,MQTT,102,0
70368074658000,MQTT,102,0
70368074533400,MQTT,102,0
70368074370800,MQTT,102,0
70368074769200,MQTT,102,0
70368075684800,MQTT,102,0
70368083242200,MQTT,102,0
70368083848200,MQTT,102,0
70368084186700,MQTT,102,0
70368084433800,MQTT,102,0
70368084972900,MQTT,102,0
70368084606900,MQTT,102,0
70368085174000,MQTT,102,0
70368085274800,MQTT,102,0
70368085408400,MQTT,102,0
70368091878800,MQTT,102,0
70368092140700,MQTT,102,0
70368092338200,MQTT,102,0
70368092749800,MQTT,102,0
70368092877300,MQTT,102,0
70368092623600,MQTT,102,0
70368092996700,MQTT,102,0
70368146248800,MQTT,102,0
70368146637900,MQTT,102,0
70368146517600,MQTT,102,0
70368147312900,MQTT,102,0
70368147056100,MQTT,102,0
70368147423400,MQTT,102,0
70368147214400,MQTT,102,0
70368147581300,MQTT,102,0
70368147699200,MQTT,102,0
70368149620100,MQTT,102,0
70368155001000,MQTT,102,0
70368155576900,MQTT,102,0
70368155913300,MQTT,102,0
70368155781000,MQTT,102,0
70368156030200,MQTT,102,0
70368156612800,MQTT,102,0
70368156163800,MQTT,102,0
70368156446000,MQTT,102,0
70368156718400,MQTT,102,0
70368213301200,MQTT,102,0
70368214358000,MQTT,102,0
70368215122400,MQTT,102,0
70368214763900,MQTT,102,0
70368215444600,MQTT,102,0
70368219600800,MQTT,102,0
70368223030800,MQTT,102,0
70368223605800,MQTT,102,0
70368223890300,MQTT,102,0
70368224072300,MQTT,102,0
70368228440400,MQTT,102,0
70368228982900,MQTT,102,0
70368229427600,MQTT,102,0
70368229251000,MQTT,102,0
70368229545400,MQTT,102,0
70368229641700,MQTT,102,0
70368229898100,MQTT,102,0
70368281278100,MQTT,102,0
70368282155400,MQTT,102,0
70368282347500,MQTT,102,0
70368281867600,MQTT,102,0
70368282493400,MQTT,102,0
70368286816600,MQTT,102,0
70368287181000,MQTT,102,0
70368287335500,MQTT,102,0
70368287429000,MQTT,102,0
70368290494200,MQTT,102,0
70368296488000,MQTT,102,0
70368296978200,MQTT,102,0
70368297267000,MQTT,102,0
70368297621300,MQTT,102,0
70368298198300,MQTT,102,0
70368298423000,MQTT,102,0
70368297474500,MQTT,102,0
70368298580900,MQTT,102,0
70368297952500,MQTT,102,0
70368348758000,MQTT,102,0
70368349353900,MQTT,102,0
70368349631700,MQTT,102,0
70368349874200,MQTT,102,0
70368349995900,MQTT,102,0
70368353755300,MQTT,102,0
70368359162100,MQTT,102,0
70368359576400,MQTT,102,0
70368360096200,MQTT,102,0
70368359754800,MQTT,102,0
70368359914900,MQTT,102,0
70368365455700,MQTT,102,0
70368366141600,MQTT,102,0
70368366465200,MQTT,102,0
70368366706600,MQTT,102,0
70368365755900,MQTT,102,0
70368366917400,MQTT,102,0
70368378607600,MQTT,102,0
70368379349500,MQTT,102,0
70368379767200,MQTT,102,0
70368379906400,MQTT,102,0
70368379593600,MQTT,102,0
70368380222700,MQTT,102,0
70368380548500,MQTT,102,0
70368380410000,MQTT,102,0
70368380672100,MQTT,102,0
70368431714700,MQTT,102,0
70368432280500,MQTT,102,0
70368432607400,MQTT,102,0
70368432807000,MQTT,102,0
70368432973000,MQTT,102,0
70368436679300,MQTT,102,0
70368440584400,MQTT,102,0
70368441004800,MQTT,102,0
70368441187100,MQTT,102,0
70368441292500,MQTT,102,0
70368446252000,MQTT,102,0
70368446662500,MQTT,102,0
70368447095900,MQTT,102,0
70368446963000,MQTT,102,0
70368446850100,MQTT,102,0
70368447379400,MQTT,102,0
70368501198100,MQTT,102,0
70368501975500,MQTT,102,0
70368501732600,MQTT,102,0
70368502247000,MQTT,102,0
70368502127800,MQTT,102,0
70368502354400,MQTT,102,0
70368506812200,MQTT,102,0
70368507254300,MQTT,102,0
70368507480200,MQTT,102,0
70368507631400,MQTT,102,0
70368510749700,MQTT,102,0
70368517266300,MQTT,102,0
70368518064800,MQTT,102,0
70368517521800,MQTT,102,0
70368518256400,MQTT,102,0
70368517864700,MQTT,102,0
70368518497600,MQTT,102,0
70368518174700,MQTT,102,0
70368518345500,MQTT,102,0
70368518605900,MQTT,102,0
70368553878700,MQTT,102,0
70368554159900,MQTT,102,0
70368554543500,MQTT,102,0
70368554833800,MQTT,102,0
70368555010800,MQTT,102,0
70368564995500,MQTT,102,0
70368572967900,MQTT,102,0
70368573576700,MQTT,102,0
70368573985000,MQTT,102,0
70368574119200,MQTT,102,0
70368573869300,MQTT,102,0
70368573770900,MQTT,102,0
70368574746000,MQTT,102,0
70368574526300,MQTT,102,0
70368574896400,MQTT,102,0
70368575032500,MQTT,102,0
70368583942700,MQTT,102,0
70368584377100,MQTT,102,0
70368584672200,MQTT,102,0
70368584969200,MQTT,102,0
70368584226300,MQTT,102,0
70368585157700,MQTT,102,0
70368592694200,MQTT,102,0
70368592946700,MQTT,102,0
70368593213200,MQTT,102,0
70368593390100,MQTT,102,0
70368593509200,MQTT,102,0
70368593784700,MQTT,102,0
70368593916300,MQTT,102,0
70368594023400,MQTT,102,0
70368594121700,MQTT,102,0
70368600643200,MQTT,102,0
70368600957500,MQTT,102,0
70368601505400,MQTT,102,0
70368601672400,MQTT,102,0
70368601270200,MQTT,102,0
70368602038200,MQTT,102,0
70368609375200,MQTT,102,0
70368609862700,MQTT,102,0
70368610115700,MQTT,102,0
70368610005700,MQTT,102,0
70368610242600,MQTT,102,0
70368610370200,MQTT,102,0
70368610515100,MQTT,102,0
70368610650300,MQTT,102,0
70368610768700,MQTT,102,0
70368655676700,MQTT,102,0
70368656116800,MQTT,102,0
70368656260600,MQTT,102,0
70368656367600,MQTT,102,0
70368656465100,MQTT,102,0
70368656556600,MQTT,102,0
70368661364300,MQTT,102,0
70368666156300,MQTT,102,0
70368666598300,MQTT,102,0
70368666769600,MQTT,102,0
70368666852200,MQTT,102,0
70368671323000,MQTT,102,0
70368671563700,MQTT,102,0
70368671650400,MQTT,102,0
70368671720800,MQTT,102,0
70368671782000,MQTT,102,0
70368672511300,MQTT,102,0
70368725586800,MQTT,102,0
70368725999300,MQTT,102,0
70368726149200,MQTT,102,0
70368726262800,MQTT,102,0
70368726360700,MQTT,102,0
70368730268100,MQTT,102,0
70368730632500,MQTT,102,0
70368730826800,MQTT,102,0
70368730962600,MQTT,102,0
70368734756700,MQTT,102,0
70368740199000,MQTT,102,0
70368740601300,MQTT,102,0
70368740755400,MQTT,102,0
70368741045300,MQTT,102,0
70368741838700,MQTT,102,0
70368742082800,MQTT,102,0
70368742246000,MQTT,102,0
70368740887700,MQTT,102,0
70368741571400,MQTT,102,0
70368742351800,MQTT,102,0
70368758817300,MQTT,102,0
70368759070400,MQTT,102,0
70368759465600,MQTT,102,0
70368759326400,MQTT,102,0
70368759564200,MQTT,102,0
70368763347300,MQTT,102,0
70368770848800,MQTT,102,0
70368771273000,MQTT,102,0
70368771518700,MQTT,102,0
70368771667300,MQTT,102,0
70368771783600,MQTT,102,0
70368772097600,MQTT,102,0
70368772267700,MQTT,102,0
70368772370700,MQTT,102,0
70368772466200,MQTT,102,0
70368828509200,MQTT,102,0
70368828814000,MQTT,102,0
70368829404200,MQTT,102,0
70368829188000,MQTT,102,0
70368829564300,MQTT,102,0
70368833639300,MQTT,102,0
70368837470200,MQTT,102,0
70368837731300,MQTT,102,0
70368837966700,MQTT,102,0
70368838113200,MQTT,102,0
70368842379800,MQTT,102,0
70368842948400,MQTT,102,0
70368843548400,MQTT,102,0
70368843345500,MQTT,102,0
70368843838500,MQTT,102,0
70368844163600,MQTT,102,0
70368851918600,MQTT,102,0
70368852405100,MQTT,102,0
70368852604800,MQTT,102,0
70368852725800,MQTT,102,0
70368852793300,MQTT,102,0
70368852886500,MQTT,102,0
70368853030500,MQTT,102,0
70368853147600,MQTT,102,0
70368853233800,MQTT,102,0
70368853320300,MQTT,102,0
70368911663700,MQTT,102,0
70368912077000,MQTT,102,0
70368912230800,MQTT,102,0
70368912350400,MQTT,102,0
70368912454600,MQTT,102,0
70368916751200,MQTT,102,0
70368921515800,MQTT,102,0
70368921872200,MQTT,102,0
70368922001400,MQTT,102,0
70368922700700,MQTT,102,0
70368927256000,MQTT,102,0
70368927625600,MQTT,102,0
70368927861300,MQTT,102,0
70368927970700,MQTT,102,0
70368928084400,MQTT,102,0
70368928028300,MQTT,102,0
70368963537700,MQTT,102,0
70368964126800,MQTT,102,0
70368963925500,MQTT,102,0
70368964372200,MQTT,102,0
70368964616300,MQTT,102,0
70368968514900,MQTT,102,0
70368968795400,MQTT,102,0
70368968934400,MQTT,102,0
70368969039100,MQTT,102,0
70368969170100,MQTT,102,0
70368974022300,MQTT,102,0
70368974286900,MQTT,102,0
70368974658400,MQTT,102,0
70368974417800,MQTT,102,0
70368974964000,MQTT,102,0
70368975208300,MQTT,102,0
70368983436100,MQTT,102,0
70368984069000,MQTT,102,0
70368984354600,MQTT,102,0
70368984499500,MQTT,102,0
70368984606700,MQTT,102,0
70368984725800,MQTT,102,0
70368984861900,MQTT,102,0
70368984981800,MQTT,102,0
70368985065000,MQTT,102,0
70368991867600,MQTT,102,0
70368992093300,MQTT,102,0
70368992172100,MQTT,102,0
70368992272800,MQTT,102,0
70368992409400,MQTT,102,0
70368992635000,MQTT,102,0
70369001412900,MQTT,102,0
70369002009700,MQTT,102,0
70369002244300,MQTT,102,0
70369002429600,MQTT,102,0
70369002504600,MQTT,102,0
70369003516100,MQTT,102,0
70369003094700,MQTT,102,0
70369003694700,MQTT,102,0
70369003832400,MQTT,102,0
70369011593400,MQTT,102,0
70369012043000,MQTT,102,0
70369012414700,MQTT,102,0
70369012308700,MQTT,102,0
70369012233200,MQTT,102,0
70369012558200,MQTT,102,0
70369012795700,MQTT,102,0
70369020197300,MQTT,102,0
70369020871400,MQTT,102,0
70369020988400,MQTT,102,0
70369020666400,MQTT,102,0
70369021180600,MQTT,102,0
70369021086200,MQTT,102,0
70369021488600,MQTT,102,0
70369021653300,MQTT,102,0
70369021759800,MQTT,102,0
70369071015500,MQTT,102,0
70369071279800,MQTT,102,0
70369071707100,MQTT,102,0
70369071552100,MQTT,102,0
70369071833000,MQTT,102,0
70369071947100,MQTT,102,0
70369080395000,MQTT,102,0
70369079982400,MQTT,102,0
70369080568000,MQTT,102,0
70369080856200,MQTT,102,0
70369080705800,MQTT,102,0
70369081488500,MQTT,102,0
70369081195200,MQTT,102,0
70369081693000,MQTT,102,0
70369081805400,MQTT,102,0
70369135942900,MQTT,102,0
70369136306900,MQTT,102,0
70369136469100,MQTT,102,0
70369136601500,MQTT,102,0
70369136698900,MQTT,102,0
70369136829000,MQTT,102,0
70369141589300,MQTT,102,0
70369147112400,MQTT,102,0
70369146867400,MQTT,102,0
70369147417700,MQTT,102,0
70369147706200,MQTT,102,0
70369155997900,MQTT,102,0
70369156309700,MQTT,102,0
70369156419500,MQTT,102,0
70369155597500,MQTT,102,0
70369156626600,MQTT,102,0
70369156180900,MQTT,102,0
70369175284400,MQTT,102,0
70369175383000,MQTT,102,0
70369174965300,MQTT,102,0
70369175476700,MQTT,102,0
70369175569400,MQTT,102,0
70369285196300,MQTT,102,0
70369285708300,MQTT,102,0
70369285941800,MQTT,102,0
70369286082200,MQTT,102,0
70369286355900,MQTT,102,0
70369286205000,MQTT,102,0
70369286521100,MQTT,102,0
70369286667100,MQTT,102,0
70369286794100,MQTT,102,0
70369287045600,MQTT,102,0
70369335574100,MQTT,102,0
70369335917200,MQTT,102,0
70369336206200,MQTT,102,0
70369336069800,MQTT,102,0
70369336316300,MQTT,102,0
70369341185900,MQTT,102,0
70369341780100,MQTT,102,0
70369341903400,MQTT,102,0
70369341570300,MQTT,102,0
70369342028200,MQTT,102,0
70369345262600,MQTT,102,0
70369350432400,MQTT,102,0
70369351292600,MQTT,102,0
70369351491000,MQTT,102,0
70369351641200,MQTT,102,0
70369351016400,MQTT,102,0
70369351918500,MQTT,102,0
70369351787800,MQTT,102,0
70369352092300,MQTT,102,0
70369352230500,MQTT,102,0
70369373399400,MQTT,102,0
70369373791200,MQTT,102,0
70369373932700,MQTT,102,0
70369374063600,MQTT,102,0
70369374221500,MQTT,102,0
70369378405900,MQTT,102,0
70369385856400,MQTT,102,0
70369386529000,MQTT,102,0
70369386421200,MQTT,102,0
70369386260200,MQTT,102,0
70369387080900,MQTT,102,0
70369386659100,MQTT,102,0
70369386927200,MQTT,102,0
70369387189800,MQTT,102,0
70369387325300,MQTT,102,0
70369393413200,MQTT,102,0
70369393756500,MQTT,102,0
70369393864700,MQTT,102,0
70369393962500,MQTT,102,0
70369394207700,MQTT,102,0
70369394073200,MQTT,102,0
70369394454700,MQTT,102,0
70369402253600,MQTT,102,0
70369402556500,MQTT,102,0
70369402656600,MQTT,102,0
70369402933700,MQTT,102,0
70369403084000,MQTT,102,0
70369403204900,MQTT,102,0
70369403316300,MQTT,102,0
70369403416400,MQTT,102,0
70369403477700,MQTT,102,0
70369460628300,MQTT,102,0
70369460976700,MQTT,102,0
70369461121600,MQTT,102,0
70369461254200,MQTT,102,0
70369461365500,MQTT,102,0
70369466038200,MQTT,102,0
70369470803100,MQTT,102,0
70369470496700,MQTT,102,0
70369471162800,MQTT,102,0
70369471399200,MQTT,102,0
70369475146500,MQTT,102,0
70369475518000,MQTT,102,0
70369475836100,MQTT,102,0
70369475970800,MQTT,102,0
70369475719500,MQTT,102,0
70369476190100,MQTT,102,0
70369526407000,MQTT,102,0
70369526799400,MQTT,102,0
70369526942500,MQTT,102,0
70369527044500,MQTT,102,0
70369527139400,MQTT,102,0
70369531309200,MQTT,102,0
70369531640900,MQTT,102,0
70369532074800,MQTT,102,0
70369531901100,MQTT,102,0
70369532200000,MQTT,102,0
70369535540900,MQTT,102,0
70369542555000,MQTT,102,0
70369542922600,MQTT,102,0
70369543309700,MQTT,102,0
70369543199500,MQTT,102,0
70369543067500,MQTT,102,0
70369544447300,MQTT,102,0
70369544750200,MQTT,102,0
70369544852900,MQTT,102,0
70369544946200,MQTT,102,0
70369551477000,MQTT,102,0
70369552141900,MQTT,102,0
70369552590600,MQTT,102,0
70369552423200,MQTT,102,0
70369552721700,MQTT,102,0
70369552847400,MQTT,102,0
70369560437700,MQTT,102,0
70369560825900,MQTT,102,0
70369560953600,MQTT,102,0
70369561204000,MQTT,102,0
70369561064100,MQTT,102,0
70369563603800,MQTT,102,0
70369564076700,MQTT,102,0
70369564248600,MQTT,102,0
70369563901300,MQTT,102,0
70369629007800,MQTT,102,0
