Timestamp,Protocol,Payload Size (bytes),Device Active Time (ms),Client IP,Client Port,Header Size (bytes),QoS / Method
78918078360600,HTTP,2273,0,::ffff:10.85.52.177,50976,198,POST
78918146036400,HTTP,2273,0,::ffff:10.85.52.177,54757,198,POST
78918232929400,HTTP,2273,0,::ffff:10.85.52.177,50411,198,POST
78918361126500,HTTP,2273,0,::ffff:10.85.52.177,58866,198,POST
78918460422600,HTTP,2273,0,::ffff:10.85.52.177,60679,198,POST
78918522329600,HTTP,2273,0,::ffff:10.85.52.177,65060,198,POST
78918583438600,HTTP,2273,0,::ffff:10.85.52.177,51152,198,POST
78918639128900,HTTP,2273,0,::ffff:10.85.52.177,50213,198,POST
78918688857500,HTTP,2273,0,::ffff:10.85.52.177,62894,198,POST
78918740924000,HTTP,2273,0,::ffff:10.85.52.177,58233,198,POST
78918810162500,HTTP,2273,0,::ffff:10.85.52.177,51128,198,POST
78918889116100,HTTP,2273,0,::ffff:10.85.52.177,50156,198,POST
78918937843000,HTTP,2273,0,::ffff:10.85.52.177,52135,198,POST
78918990960500,HTTP,2273,0,::ffff:10.85.52.177,49352,198,POST
78919040482500,HTTP,2273,0,::ffff:10.85.52.177,58176,198,POST
78919091817000,HTTP,2273,0,::ffff:10.85.52.177,57562,198,POST
78919137968700,HTTP,2273,0,::ffff:10.85.52.177,49476,198,POST
78919186460300,HTTP,2273,0,::ffff:10.85.52.177,56613,198,POST
78919228889200,HTTP,2273,0,::ffff:10.85.52.177,58943,198,POST
78919285581900,HTTP,2273,0,::ffff:10.85.52.177,51968,198,POST
78919329919400,HTTP,2273,0,::ffff:10.85.52.177,61349,198,POST
78919381024400,HTTP,2273,0,::ffff:10.85.52.177,52766,198,POST
78919422397800,HTTP,2273,0,::ffff:10.85.52.177,56114,198,POST
78919470128700,HTTP,2273,0,::ffff:10.85.52.177,61619,198,POST
78919514967200,HTTP,2273,0,::ffff:10.85.52.177,60488,198,POST
78919582056700,HTTP,2273,0,::ffff:10.85.52.177,59191,198,POST
78919629117100,HTTP,2273,0,::ffff:10.85.52.177,51291,198,POST
78919679979300,HTTP,2273,0,::ffff:10.85.52.177,50404,198,POST
78919728008600,HTTP,2273,0,::ffff:10.85.52.177,58481,198,POST
78919775757200,HTTP,2273,0,::ffff:10.85.52.177,51299,198,POST
78919817883400,HTTP,2273,0,::ffff:10.85.52.177,64891,198,POST
78919867129800,HTTP,2273,0,::ffff:10.85.52.177,51937,198,POST
78919910514900,HTTP,2273,0,::ffff:10.85.52.177,53479,198,POST
78919951894200,HTTP,2273,0,::ffff:10.85.52.177,52170,198,POST
78920001124700,HTTP,2273,0,::ffff:10.85.52.177,49791,198,POST
78920044687300,HTTP,2273,0,::ffff:10.85.52.177,62164,198,POST
78920089092700,HTTP,2273,0,::ffff:10.85.52.177,65126,198,POST
78920131596400,HTTP,2273,0,::ffff:10.85.52.177,51805,198,POST
78920180669600,HTTP,2273,0,::ffff:10.85.52.177,56234,198,POST
78920229141100,HTTP,2273,0,::ffff:10.85.52.177,59331,198,POST
78920275300000,HTTP,2273,0,::ffff:10.85.52.177,50305,198,POST
78920331731000,HTTP,2273,0,::ffff:10.85.52.177,51720,198,POST
78920374579500,HTTP,2273,0,::ffff:10.85.52.177,57276,198,POST
78920421433700,HTTP,2273,0,::ffff:10.85.52.177,52538,198,POST
78920462178800,HTTP,2273,0,::ffff:10.85.52.177,62215,198,POST
78920514542900,HTTP,2273,0,::ffff:10.85.52.177,59792,198,POST
78920558706000,HTTP,2273,0,::ffff:10.85.52.177,53949,198,POST
78920603479300,HTTP,2273,0,::ffff:10.85.52.177,53623,198,POST
78920644108200,HTTP,2273,0,::ffff:10.85.52.177,64113,198,POST
78920691338800,HTTP,2273,0,::ffff:10.85.52.177,49339,198,POST
78920733750500,HTTP,2273,0,::ffff:10.85.52.177,57299,198,POST
78920779116500,HTTP,2273,0,::ffff:10.85.52.177,60588,198,POST
78920846990000,HTTP,2273,0,::ffff:10.85.52.177,54718,198,POST
78920892385800,HTTP,2273,0,::ffff:10.85.52.177,50965,198,POST
78920936694600,HTTP,2273,0,::ffff:10.85.52.177,56807,198,POST
78920976490300,HTTP,2273,0,::ffff:10.85.52.177,62757,198,POST
78921020295400,HTTP,2273,0,::ffff:10.85.52.177,64048,198,POST
78921063887200,HTTP,2273,0,::ffff:10.85.52.177,58196,198,POST
78921114810600,HTTP,2273,0,::ffff:10.85.52.177,57215,198,POST
78921156420900,HTTP,2273,0,::ffff:10.85.52.177,53385,198,POST
78921197657100,HTTP,2273,0,::ffff:10.85.52.177,59357,198,POST
78921248035900,HTTP,2273,0,::ffff:10.85.52.177,59753,198,POST
78921289502800,HTTP,2273,0,::ffff:10.85.52.177,56259,198,POST
78921338733000,HTTP,2273,0,::ffff:10.85.52.177,55841,198,POST
78921381949300,HTTP,2273,0,::ffff:10.85.52.177,51437,198,POST
78921457651800,HTTP,2273,0,::ffff:10.85.52.177,63191,198,POST
78921530116500,HTTP,2273,0,::ffff:10.85.52.177,62174,198,POST
78921575999300,HTTP,2273,0,::ffff:10.85.52.177,60304,198,POST
78921623393100,HTTP,2273,0,::ffff:10.85.52.177,58255,198,POST
78921664799500,HTTP,2273,0,::ffff:10.85.52.177,59916,198,POST
78921730086900,HTTP,2273,0,::ffff:10.85.52.177,59906,198,POST
78921777069900,HTTP,2273,0,::ffff:10.85.52.177,51936,198,POST
78921821639800,HTTP,2273,0,::ffff:10.85.52.177,60636,198,POST
78921864744700,HTTP,2273,0,::ffff:10.85.52.177,52429,198,POST
78921911700200,HTTP,2273,0,::ffff:10.85.52.177,63716,198,POST
78921955370200,HTTP,2273,0,::ffff:10.85.52.177,49879,198,POST
78921997862600,HTTP,2273,0,::ffff:10.85.52.177,49620,198,POST
78922043821100,HTTP,2273,0,::ffff:10.85.52.177,51444,198,POST
78922085447600,HTTP,2273,0,::ffff:10.85.52.177,64752,198,POST
78922161693400,HTTP,2273,0,::ffff:10.85.52.177,51787,198,POST
78922207933700,HTTP,2273,0,::ffff:10.85.52.177,49419,198,POST
78922269198300,HTTP,2273,0,::ffff:10.85.52.177,53595,198,POST
78922313063800,HTTP,2273,0,::ffff:10.85.52.177,52656,198,POST
78922359191900,HTTP,2273,0,::ffff:10.85.52.177,52369,198,POST
78922404922100,HTTP,2273,0,::ffff:10.85.52.177,62077,198,POST
78922452065200,HTTP,2273,0,::ffff:10.85.52.177,64418,198,POST
78922497349300,HTTP,2273,0,::ffff:10.85.52.177,57078,198,POST
78922547182600,HTTP,2273,0,::ffff:10.85.52.177,51768,198,POST
78922592597600,HTTP,2273,0,::ffff:10.85.52.177,56727,198,POST
78922635584600,HTTP,2273,0,::ffff:10.85.52.177,51627,198,POST
78922678305500,HTTP,2273,0,::ffff:10.85.52.177,50560,198,POST
78922725772700,HTTP,2273,0,::ffff:10.85.52.177,59619,198,POST
78922771546200,HTTP,2273,0,::ffff:10.85.52.177,63431,198,POST
78922815279700,HTTP,2273,0,::ffff:10.85.52.177,63289,198,POST
78922861302600,HTTP,2273,0,::ffff:10.85.52.177,54024,198,POST
78922901371300,HTTP,2273,0,::ffff:10.85.52.177,61428,198,POST
78922947468000,HTTP,2273,0,::ffff:10.85.52.177,64066,198,POST
78922991844800,HTTP,2273,0,::ffff:10.85.52.177,56235,198,POST
78923041662700,HTTP,2273,0,::ffff:10.85.52.177,50182,198,POST
78923083682700,HTTP,2273,0,::ffff:10.85.52.177,63914,198,POST
78928241702000,MQTT,2090,0,N/A (Broker),N/A,15,0
78928255765900,MQTT,2090,0,N/A (Broker),N/A,15,0
78928293011100,MQTT,2090,0,N/A (Broker),N/A,15,0
78928308257800,MQTT,2090,0,N/A (Broker),N/A,15,0
78928324100900,MQTT,2090,0,N/A (Broker),N/A,15,0
78928342051000,MQTT,2090,0,N/A (Broker),N/A,15,0
78928360268500,MQTT,2090,0,N/A (Broker),N/A,15,0
78928383645500,MQTT,2090,0,N/A (Broker),N/A,15,0
78928401153200,MQTT,2090,0,N/A (Broker),N/A,15,0
78928418429800,MQTT,2090,0,N/A (Broker),N/A,15,0
78928441383000,MQTT,2090,0,N/A (Broker),N/A,15,0
78928458105900,MQTT,2090,0,N/A (Broker),N/A,15,0
78928486088800,MQTT,2090,0,N/A (Broker),N/A,15,0
78928528499800,MQTT,2090,0,N/A (Broker),N/A,15,0
78928555998300,MQTT,2090,0,N/A (Broker),N/A,15,0
78928586525700,MQTT,2090,0,N/A (Broker),N/A,15,0
78928607439600,MQTT,2090,0,N/A (Broker),N/A,15,0
78928631017100,MQTT,2090,0,N/A (Broker),N/A,15,0
78928662269500,MQTT,2090,0,N/A (Broker),N/A,15,0
78928682136500,MQTT,2090,0,N/A (Broker),N/A,15,0
78928705667900,MQTT,2090,0,N/A (Broker),N/A,15,0
78928720882200,MQTT,2090,0,N/A (Broker),N/A,15,0
78928744340600,MQTT,2090,0,N/A (Broker),N/A,15,0
78928761800500,MQTT,2090,0,N/A (Broker),N/A,15,0
78928790981600,MQTT,2090,0,N/A (Broker),N/A,15,0
78928816305600,MQTT,2090,0,N/A (Broker),N/A,15,0
78928834723500,MQTT,2090,0,N/A (Broker),N/A,15,0
78928857923500,MQTT,2090,0,N/A (Broker),N/A,15,0
78928887220000,MQTT,2090,0,N/A (Broker),N/A,15,0
78928912220000,MQTT,2090,0,N/A (Broker),N/A,15,0
78928936480500,MQTT,2090,0,N/A (Broker),N/A,15,0
78928954777300,MQTT,2090,0,N/A (Broker),N/A,15,0
78928980998700,MQTT,2090,0,N/A (Broker),N/A,15,0
78928997809500,MQTT,2090,0,N/A (Broker),N/A,15,0
78929022178900,MQTT,2090,0,N/A (Broker),N/A,15,0
78929050014300,MQTT,2090,0,N/A (Broker),N/A,15,0
78929075001800,MQTT,2090,0,N/A (Broker),N/A,15,0
78929102840100,MQTT,2090,0,N/A (Broker),N/A,15,0
78929125838400,MQTT,2090,0,N/A (Broker),N/A,15,0
78929142347200,MQTT,2090,0,N/A (Broker),N/A,15,0
78929165971300,MQTT,2090,0,N/A (Broker),N/A,15,0
78929196337900,MQTT,2090,0,N/A (Broker),N/A,15,0
78929214141800,MQTT,2090,0,N/A (Broker),N/A,15,0
78929231052400,MQTT,2090,0,N/A (Broker),N/A,15,0
78929256141800,MQTT,2090,0,N/A (Broker),N/A,15,0
78929278848000,MQTT,2090,0,N/A (Broker),N/A,15,0
78929298568100,MQTT,2090,0,N/A (Broker),N/A,15,0
78929319725200,MQTT,2090,0,N/A (Broker),N/A,15,0
78929342496100,MQTT,2090,0,N/A (Broker),N/A,15,0
78929360524200,MQTT,2090,0,N/A (Broker),N/A,15,0
78929382618000,MQTT,2090,0,N/A (Broker),N/A,15,0
78929412847700,MQTT,2090,0,N/A (Broker),N/A,15,0
78929430886500,MQTT,2090,0,N/A (Broker),N/A,15,0
78929446295900,MQTT,2090,0,N/A (Broker),N/A,15,0
78929471377000,MQTT,2090,0,N/A (Broker),N/A,15,0
78929496830900,MQTT,2090,0,N/A (Broker),N/A,15,0
78929514842700,MQTT,2090,0,N/A (Broker),N/A,15,0
78929537010700,MQTT,2090,0,N/A (Broker),N/A,15,0
78929560422400,MQTT,2090,0,N/A (Broker),N/A,15,0
78929580579000,MQTT,2090,0,N/A (Broker),N/A,15,0
78929609746100,MQTT,2090,0,N/A (Broker),N/A,15,0
78929638044600,MQTT,2090,0,N/A (Broker),N/A,15,0
78929655459000,MQTT,2090,0,N/A (Broker),N/A,15,0
78929675248300,MQTT,2090,0,N/A (Broker),N/A,15,0
78929702826200,MQTT,2090,0,N/A (Broker),N/A,15,0
78929730959500,MQTT,2090,0,N/A (Broker),N/A,15,0
78929750165900,MQTT,2090,0,N/A (Broker),N/A,15,0
78929776147800,MQTT,2090,0,N/A (Broker),N/A,15,0
78929825172000,MQTT,2090,0,N/A (Broker),N/A,15,0
78929840728200,MQTT,2090,0,N/A (Broker),N/A,15,0
78929864944700,MQTT,2090,0,N/A (Broker),N/A,15,0
78929898613600,MQTT,2090,0,N/A (Broker),N/A,15,0
78929917959200,MQTT,2090,0,N/A (Broker),N/A,15,0
78929952618200,MQTT,2090,0,N/A (Broker),N/A,15,0
78929967044900,MQTT,2090,0,N/A (Broker),N/A,15,0
78929989482600,MQTT,2090,0,N/A (Broker),N/A,15,0
78930013601100,MQTT,2090,0,N/A (Broker),N/A,15,0
78930037515900,MQTT,2090,0,N/A (Broker),N/A,15,0
78930059487100,MQTT,2090,0,N/A (Broker),N/A,15,0
78930077009800,MQTT,2090,0,N/A (Broker),N/A,15,0
78930102870900,MQTT,2090,0,N/A (Broker),N/A,15,0
78930129477300,MQTT,2090,0,N/A (Broker),N/A,15,0
78930146987600,MQTT,2090,0,N/A (Broker),N/A,15,0
78930169330100,MQTT,2090,0,N/A (Broker),N/A,15,0
78930185680100,MQTT,2090,0,N/A (Broker),N/A,15,0
78930214054900,MQTT,2090,0,N/A (Broker),N/A,15,0
78930231532700,MQTT,2090,0,N/A (Broker),N/A,15,0
78930258927000,MQTT,2090,0,N/A (Broker),N/A,15,0
78930280239100,MQTT,2090,0,N/A (Broker),N/A,15,0
78930308961200,MQTT,2090,0,N/A (Broker),N/A,15,0
78930331828100,MQTT,2090,0,N/A (Broker),N/A,15,0
78930353627800,MQTT,2090,0,N/A (Broker),N/A,15,0
78930370396200,MQTT,2090,0,N/A (Broker),N/A,15,0
78930392535800,MQTT,2090,0,N/A (Broker),N/A,15,0
78930409221900,MQTT,2090,0,N/A (Broker),N/A,15,0
78930469306200,MQTT,2090,0,N/A (Broker),N/A,15,0
78930491601900,MQTT,2090,0,N/A (Broker),N/A,15,0
78930544123000,MQTT,2090,0,N/A (Broker),N/A,15,0
78930596701400,MQTT,2090,0,N/A (Broker),N/A,15,0
78930732365900,MQTT,2090,0,N/A (Broker),N/A,15,0
79106784431400,HTTP,2273,0,::ffff:10.85.52.177,50041,198,POST
79106845328400,HTTP,2273,0,::ffff:10.85.52.177,61067,198,POST
79106908727000,HTTP,2273,0,::ffff:10.85.52.177,64469,198,POST
79106971205100,HTTP,2273,0,::ffff:10.85.52.177,51762,198,POST
79107031219900,HTTP,2273,0,::ffff:10.85.52.177,62686,198,POST
79107091918800,HTTP,2273,0,::ffff:10.85.52.177,54877,198,POST
79107158568200,HTTP,2273,0,::ffff:10.85.52.177,54448,198,POST
79107237663500,HTTP,2273,0,::ffff:10.85.52.177,55579,198,POST
79107298128000,HTTP,2273,0,::ffff:10.85.52.177,53774,198,POST
79107347013400,HTTP,2273,0,::ffff:10.85.52.177,51518,198,POST
79107399659600,HTTP,2273,0,::ffff:10.85.52.177,49550,198,POST
79107448393600,HTTP,2273,0,::ffff:10.85.52.177,51161,198,POST
79107506271300,HTTP,2273,0,::ffff:10.85.52.177,65356,198,POST
79107554093100,HTTP,2273,0,::ffff:10.85.52.177,62566,198,POST
79107617449600,HTTP,2273,0,::ffff:10.85.52.177,63513,198,POST
79107670717600,HTTP,2273,0,::ffff:10.85.52.177,55550,198,POST
79107742365800,HTTP,2273,0,::ffff:10.85.52.177,61024,198,POST
79107814010200,HTTP,2273,0,::ffff:10.85.52.177,63919,198,POST
79107887354200,HTTP,2273,0,::ffff:10.85.52.177,61361,198,POST
79107934815000,HTTP,2273,0,::ffff:10.85.52.177,54905,198,POST
79107983735500,HTTP,2273,0,::ffff:10.85.52.177,56525,198,POST
79108036403500,HTTP,2273,0,::ffff:10.85.52.177,51820,198,POST
79108086973200,HTTP,2273,0,::ffff:10.85.52.177,50854,198,POST
79108130491900,HTTP,2273,0,::ffff:10.85.52.177,49935,198,POST
79108172931600,HTTP,2273,0,::ffff:10.85.52.177,63171,198,POST
79108262290800,HTTP,2273,0,::ffff:10.85.52.177,59221,198,POST
79108318470100,HTTP,2273,0,::ffff:10.85.52.177,53900,198,POST
79108362313100,HTTP,2273,0,::ffff:10.85.52.177,54296,198,POST
79108412149500,HTTP,2273,0,::ffff:10.85.52.177,64916,198,POST
79108460262900,HTTP,2273,0,::ffff:10.85.52.177,60965,198,POST
79108515104200,HTTP,2273,0,::ffff:10.85.52.177,51118,198,POST
79108564308000,HTTP,2273,0,::ffff:10.85.52.177,65172,198,POST
79108614879100,HTTP,2273,0,::ffff:10.85.52.177,53797,198,POST
79108662715900,HTTP,2273,0,::ffff:10.85.52.177,61288,198,POST
79108709797700,HTTP,2273,0,::ffff:10.85.52.177,51648,198,POST
79108753485800,HTTP,2273,0,::ffff:10.85.52.177,61369,198,POST
79108806225900,HTTP,2273,0,::ffff:10.85.52.177,62429,198,POST
79108855530700,HTTP,2273,0,::ffff:10.85.52.177,56652,198,POST
79108923514100,HTTP,2273,0,::ffff:10.85.52.177,63908,198,POST
79108978144400,HTTP,2273,0,::ffff:10.85.52.177,53748,198,POST
79109058995800,HTTP,2273,0,::ffff:10.85.52.177,50367,198,POST
79109109094500,HTTP,2273,0,::ffff:10.85.52.177,54605,198,POST
79109155079100,HTTP,2273,0,::ffff:10.85.52.177,60500,198,POST
79109231486500,HTTP,2273,0,::ffff:10.85.52.177,62465,198,POST
79109285806900,HTTP,2273,0,::ffff:10.85.52.177,58840,198,POST
79109383349100,HTTP,2273,0,::ffff:10.85.52.177,49849,198,POST
79109465802900,HTTP,2273,0,::ffff:10.85.52.177,62909,198,POST
79109509820900,HTTP,2273,0,::ffff:10.85.52.177,49610,198,POST
79109585158800,HTTP,2273,0,::ffff:10.85.52.177,58204,198,POST
79109636180700,HTTP,2273,0,::ffff:10.85.52.177,56550,198,POST
79109692479100,HTTP,2273,0,::ffff:10.85.52.177,56912,198,POST
79109733964800,HTTP,2273,0,::ffff:10.85.52.177,58515,198,POST
79109773809900,HTTP,2273,0,::ffff:10.85.52.177,54700,198,POST
79109822842500,HTTP,2273,0,::ffff:10.85.52.177,62113,198,POST
79109869860000,HTTP,2273,0,::ffff:10.85.52.177,53266,198,POST
79109915450600,HTTP,2273,0,::ffff:10.85.52.177,57407,198,POST
79109965481900,HTTP,2273,0,::ffff:10.85.52.177,61035,198,POST
79110010610400,HTTP,2273,0,::ffff:10.85.52.177,58764,198,POST
79110061290400,HTTP,2273,0,::ffff:10.85.52.177,57334,198,POST
79110104179500,HTTP,2273,0,::ffff:10.85.52.177,64953,198,POST
79110150116200,HTTP,2273,0,::ffff:10.85.52.177,60842,198,POST
79110196500600,HTTP,2273,0,::ffff:10.85.52.177,62499,198,POST
79110254307800,HTTP,2273,0,::ffff:10.85.52.177,60179,198,POST
79110317769500,HTTP,2273,0,::ffff:10.85.52.177,52524,198,POST
79110376922700,HTTP,2273,0,::ffff:10.85.52.177,60771,198,POST
79110427198900,HTTP,2273,0,::ffff:10.85.52.177,51977,198,POST
79110470396700,HTTP,2273,0,::ffff:10.85.52.177,51557,198,POST
79110511698900,HTTP,2273,0,::ffff:10.85.52.177,57726,198,POST
79110556720300,HTTP,2273,0,::ffff:10.85.52.177,57800,198,POST
79110596878500,HTTP,2273,0,::ffff:10.85.52.177,54696,198,POST
79110643906000,HTTP,2273,0,::ffff:10.85.52.177,52045,198,POST
79110694971000,HTTP,2273,0,::ffff:10.85.52.177,58196,198,POST
79110733939300,HTTP,2273,0,::ffff:10.85.52.177,49907,198,POST
79110778376800,HTTP,2273,0,::ffff:10.85.52.177,50176,198,POST
79110819547800,HTTP,2273,0,::ffff:10.85.52.177,53576,198,POST
79110870348900,HTTP,2273,0,::ffff:10.85.52.177,58340,198,POST
79110907178200,HTTP,2273,0,::ffff:10.85.52.177,52022,198,POST
79110955125900,HTTP,2273,0,::ffff:10.85.52.177,59948,198,POST
79111000293100,HTTP,2273,0,::ffff:10.85.52.177,63175,198,POST
79111043802900,HTTP,2273,0,::ffff:10.85.52.177,53071,198,POST
79111094566100,HTTP,2273,0,::ffff:10.85.52.177,49699,198,POST
79111137990600,HTTP,2273,0,::ffff:10.85.52.177,65051,198,POST
79111185789100,HTTP,2273,0,::ffff:10.85.52.177,61868,198,POST
79111226785300,HTTP,2273,0,::ffff:10.85.52.177,60934,198,POST
79111272661000,HTTP,2273,0,::ffff:10.85.52.177,52584,198,POST
79111320811500,HTTP,2273,0,::ffff:10.85.52.177,60088,198,POST
79111364162400,HTTP,2273,0,::ffff:10.85.52.177,59038,198,POST
79111406541200,HTTP,2273,0,::ffff:10.85.52.177,54500,198,POST
79111449008300,HTTP,2273,0,::ffff:10.85.52.177,54752,198,POST
79111497918800,HTTP,2273,0,::ffff:10.85.52.177,53418,198,POST
79111576757600,HTTP,2273,0,::ffff:10.85.52.177,55438,198,POST
79111618791800,HTTP,2273,0,::ffff:10.85.52.177,61686,198,POST
79111663897800,HTTP,2273,0,::ffff:10.85.52.177,63431,198,POST
79111712025300,HTTP,2273,0,::ffff:10.85.52.177,63405,198,POST
79111755648000,HTTP,2273,0,::ffff:10.85.52.177,54326,198,POST
79111831602100,HTTP,2273,0,::ffff:10.85.52.177,55946,198,POST
79111877849500,HTTP,2273,0,::ffff:10.85.52.177,56124,198,POST
79111925914100,HTTP,2273,0,::ffff:10.85.52.177,62507,198,POST
79111967011200,HTTP,2273,0,::ffff:10.85.52.177,58201,198,POST
79112014841600,HTTP,2273,0,::ffff:10.85.52.177,60888,198,POST
79117164224800,MQTT,2090,0,N/A (Broker),N/A,15,0
79117181487900,MQTT,2090,0,N/A (Broker),N/A,15,0
79117203378700,MQTT,2090,0,N/A (Broker),N/A,15,0
79117220524200,MQTT,2090,0,N/A (Broker),N/A,15,0
79117234098300,MQTT,2090,0,N/A (Broker),N/A,15,0
79117248051200,MQTT,2090,0,N/A (Broker),N/A,15,0
79117264375000,MQTT,2090,0,N/A (Broker),N/A,15,0
79117277286400,MQTT,2090,0,N/A (Broker),N/A,15,0
79117295843700,MQTT,2090,0,N/A (Broker),N/A,15,0
79117314467900,MQTT,2090,0,N/A (Broker),N/A,15,0
79117328553100,MQTT,2090,0,N/A (Broker),N/A,15,0
79117344264800,MQTT,2090,0,N/A (Broker),N/A,15,0
79117370260000,MQTT,2090,0,N/A (Broker),N/A,15,0
79117386138900,MQTT,2090,0,N/A (Broker),N/A,15,0
79117412088900,MQTT,2090,0,N/A (Broker),N/A,15,0
79117439778500,MQTT,2090,0,N/A (Broker),N/A,15,0
79117456232300,MQTT,2090,0,N/A (Broker),N/A,15,0
79117484407700,MQTT,2090,0,N/A (Broker),N/A,15,0
79117512164200,MQTT,2090,0,N/A (Broker),N/A,15,0
79117528203600,MQTT,2090,0,N/A (Broker),N/A,15,0
79117549709500,MQTT,2090,0,N/A (Broker),N/A,15,0
79117569373700,MQTT,2090,0,N/A (Broker),N/A,15,0
79117591360800,MQTT,2090,0,N/A (Broker),N/A,15,0
79117613322300,MQTT,2090,0,N/A (Broker),N/A,15,0
79117640269300,MQTT,2090,0,N/A (Broker),N/A,15,0
79117661846900,MQTT,2090,0,N/A (Broker),N/A,15,0
79117683788200,MQTT,2090,0,N/A (Broker),N/A,15,0
79117712566400,MQTT,2090,0,N/A (Broker),N/A,15,0
79117733075300,MQTT,2090,0,N/A (Broker),N/A,15,0
79117749878200,MQTT,2090,0,N/A (Broker),N/A,15,0
79117769195300,MQTT,2090,0,N/A (Broker),N/A,15,0
79117785089500,MQTT,2090,0,N/A (Broker),N/A,15,0
79117809187800,MQTT,2090,0,N/A (Broker),N/A,15,0
79117827317800,MQTT,2090,0,N/A (Broker),N/A,15,0
79117848788000,MQTT,2090,0,N/A (Broker),N/A,15,0
79117871255200,MQTT,2090,0,N/A (Broker),N/A,15,0
79117887667800,MQTT,2090,0,N/A (Broker),N/A,15,0
79117917290600,MQTT,2090,0,N/A (Broker),N/A,15,0
79117967992600,MQTT,2090,0,N/A (Broker),N/A,15,0
79117985903700,MQTT,2090,0,N/A (Broker),N/A,15,0
79118007920200,MQTT,2090,0,N/A (Broker),N/A,15,0
79118036024000,MQTT,2090,0,N/A (Broker),N/A,15,0
79118053394500,MQTT,2090,0,N/A (Broker),N/A,15,0
79118071848600,MQTT,2090,0,N/A (Broker),N/A,15,0
79118100002600,MQTT,2090,0,N/A (Broker),N/A,15,0
79118128960700,MQTT,2090,0,N/A (Broker),N/A,15,0
79118145299800,MQTT,2090,0,N/A (Broker),N/A,15,0
79118167710000,MQTT,2090,0,N/A (Broker),N/A,15,0
79118197025000,MQTT,2090,0,N/A (Broker),N/A,15,0
79118217643400,MQTT,2090,0,N/A (Broker),N/A,15,0
79118243167900,MQTT,2090,0,N/A (Broker),N/A,15,0
79118268911200,MQTT,2090,0,N/A (Broker),N/A,15,0
79118286327800,MQTT,2090,0,N/A (Broker),N/A,15,0
79118301034800,MQTT,2090,0,N/A (Broker),N/A,15,0
79118331271100,MQTT,2090,0,N/A (Broker),N/A,15,0
79118355903500,MQTT,2090,0,N/A (Broker),N/A,15,0
79118370955300,MQTT,2090,0,N/A (Broker),N/A,15,0
79118391340500,MQTT,2090,0,N/A (Broker),N/A,15,0
79118417433000,MQTT,2090,0,N/A (Broker),N/A,15,0
79118440694900,MQTT,2090,0,N/A (Broker),N/A,15,0
79118462727800,MQTT,2090,0,N/A (Broker),N/A,15,0
79118486063600,MQTT,2090,0,N/A (Broker),N/A,15,0
79118499620000,MQTT,2090,0,N/A (Broker),N/A,15,0
79118515574500,MQTT,2090,0,N/A (Broker),N/A,15,0
79118546665800,MQTT,2090,0,N/A (Broker),N/A,15,0
79118572530300,MQTT,2090,0,N/A (Broker),N/A,15,0
79118592387900,MQTT,2090,0,N/A (Broker),N/A,15,0
79118613521300,MQTT,2090,0,N/A (Broker),N/A,15,0
79118638253300,MQTT,2090,0,N/A (Broker),N/A,15,0
79118652806900,MQTT,2090,0,N/A (Broker),N/A,15,0
79118673843000,MQTT,2090,0,N/A (Broker),N/A,15,0
79118700670700,MQTT,2090,0,N/A (Broker),N/A,15,0
79118755722900,MQTT,2090,0,N/A (Broker),N/A,15,0
79118778273900,MQTT,2090,0,N/A (Broker),N/A,15,0
79118794619100,MQTT,2090,0,N/A (Broker),N/A,15,0
79118851087100,MQTT,2090,0,N/A (Broker),N/A,15,0
79118872668600,MQTT,2090,0,N/A (Broker),N/A,15,0
79118895402900,MQTT,2090,0,N/A (Broker),N/A,15,0
79118909801400,MQTT,2090,0,N/A (Broker),N/A,15,0
79118942419300,MQTT,2090,0,N/A (Broker),N/A,15,0
79118968118100,MQTT,2090,0,N/A (Broker),N/A,15,0
79118981856700,MQTT,2090,0,N/A (Broker),N/A,15,0
79119018028100,MQTT,2090,0,N/A (Broker),N/A,15,0
79119046557200,MQTT,2090,0,N/A (Broker),N/A,15,0
79119063829700,MQTT,2090,0,N/A (Broker),N/A,15,0
79119080617700,MQTT,2090,0,N/A (Broker),N/A,15,0
79119102167000,MQTT,2090,0,N/A (Broker),N/A,15,0
79119124402000,MQTT,2090,0,N/A (Broker),N/A,15,0
79119142777000,MQTT,2090,0,N/A (Broker),N/A,15,0
79119163938300,MQTT,2090,0,N/A (Broker),N/A,15,0
79119185553200,MQTT,2090,0,N/A (Broker),N/A,15,0
79119199580000,MQTT,2090,0,N/A (Broker),N/A,15,0
79119219952500,MQTT,2090,0,N/A (Broker),N/A,15,0
79119269539700,MQTT,2090,0,N/A (Broker),N/A,15,0
79119287406800,MQTT,2090,0,N/A (Broker),N/A,15,0
79119304187800,MQTT,2090,0,N/A (Broker),N/A,15,0
79119324932900,MQTT,2090,0,N/A (Broker),N/A,15,0
79119358541300,MQTT,2090,0,N/A (Broker),N/A,15,0
79119378292700,MQTT,2090,0,N/A (Broker),N/A,15,0
79119453686200,MQTT,2090,0,N/A (Broker),N/A,15,0
79678405238000,HTTP,2273,0,::ffff:10.85.52.177,60278,198,POST
79678465275600,HTTP,2273,0,::ffff:10.85.52.177,55835,198,POST
79678522451500,HTTP,2273,0,::ffff:10.85.52.177,52742,198,POST
79678580463000,HTTP,2273,0,::ffff:10.85.52.177,50437,198,POST
79678678576500,HTTP,2273,0,::ffff:10.85.52.177,59216,198,POST
79678740165000,HTTP,2273,0,::ffff:10.85.52.177,58828,198,POST
79678805882200,HTTP,2273,0,::ffff:10.85.52.177,53821,198,POST
79678854435600,HTTP,2273,0,::ffff:10.85.52.177,63295,198,POST
79678901497400,HTTP,2273,0,::ffff:10.85.52.177,61742,198,POST
79678949145500,HTTP,2273,0,::ffff:10.85.52.177,62586,198,POST
79679003906900,HTTP,2273,0,::ffff:10.85.52.177,49322,198,POST
79679054192600,HTTP,2273,0,::ffff:10.85.52.177,56062,198,POST
79679102952000,HTTP,2273,0,::ffff:10.85.52.177,53035,198,POST
79679151846200,HTTP,2273,0,::ffff:10.85.52.177,57822,198,POST
79679201929600,HTTP,2273,0,::ffff:10.85.52.177,60230,198,POST
79679250614400,HTTP,2273,0,::ffff:10.85.52.177,53584,198,POST
79679317085100,HTTP,2273,0,::ffff:10.85.52.177,57869,198,POST
79679365008000,HTTP,2273,0,::ffff:10.85.52.177,54357,198,POST
79679412499000,HTTP,2273,0,::ffff:10.85.52.177,49565,198,POST
79679458252300,HTTP,2273,0,::ffff:10.85.52.177,55513,198,POST
79679516328500,HTTP,2273,0,::ffff:10.85.52.177,55700,198,POST
79679561546500,HTTP,2273,0,::ffff:10.85.52.177,50452,198,POST
79679607758200,HTTP,2273,0,::ffff:10.85.52.177,63465,198,POST
79679652896400,HTTP,2273,0,::ffff:10.85.52.177,59841,198,POST
79679709343700,HTTP,2273,0,::ffff:10.85.52.177,56431,198,POST
79679755393400,HTTP,2273,0,::ffff:10.85.52.177,50321,198,POST
79679809154900,HTTP,2273,0,::ffff:10.85.52.177,59859,198,POST
79679858907500,HTTP,2273,0,::ffff:10.85.52.177,51464,198,POST
79679947772200,HTTP,2273,0,::ffff:10.85.52.177,52697,198,POST
79679992470800,HTTP,2273,0,::ffff:10.85.52.177,53005,198,POST
79680035409500,HTTP,2273,0,::ffff:10.85.52.177,55458,198,POST
79680079709400,HTTP,2273,0,::ffff:10.85.52.177,65294,198,POST
79680126155800,HTTP,2273,0,::ffff:10.85.52.177,51495,198,POST
79680169807200,HTTP,2273,0,::ffff:10.85.52.177,62100,198,POST
79680220725100,HTTP,2273,0,::ffff:10.85.52.177,62641,198,POST
79680265220600,HTTP,2273,0,::ffff:10.85.52.177,50359,198,POST
79680318528400,HTTP,2273,0,::ffff:10.85.52.177,62872,198,POST
79680360596700,HTTP,2273,0,::ffff:10.85.52.177,62603,198,POST
79680410063000,HTTP,2273,0,::ffff:10.85.52.177,51059,198,POST
79680453328200,HTTP,2273,0,::ffff:10.85.52.177,63707,198,POST
79680495784600,HTTP,2273,0,::ffff:10.85.52.177,49587,198,POST
79680544769800,HTTP,2273,0,::ffff:10.85.52.177,62810,198,POST
79732879439300,HTTP,2273,0,::ffff:10.85.52.177,60304,198,POST
79741475684700,MQTT,2090,0,N/A (Broker),N/A,15,0
79741492817000,MQTT,2090,0,N/A (Broker),N/A,15,0
79741510052900,MQTT,2090,0,N/A (Broker),N/A,15,0
79741525783200,MQTT,2090,0,N/A (Broker),N/A,15,0
79741551485500,MQTT,2090,0,N/A (Broker),N/A,15,0
79741568545400,MQTT,2090,0,N/A (Broker),N/A,15,0
79741584805500,MQTT,2090,0,N/A (Broker),N/A,15,0
79741600590300,MQTT,2090,0,N/A (Broker),N/A,15,0
79741616755600,MQTT,2090,0,N/A (Broker),N/A,15,0
79741640323200,MQTT,2090,0,N/A (Broker),N/A,15,0
79741656594600,MQTT,2090,0,N/A (Broker),N/A,15,0
79741672796400,MQTT,2090,0,N/A (Broker),N/A,15,0
79741696191600,MQTT,2090,0,N/A (Broker),N/A,15,0
79741714346100,MQTT,2090,0,N/A (Broker),N/A,15,0
79741736789800,MQTT,2090,0,N/A (Broker),N/A,15,0
79741763578600,MQTT,2090,0,N/A (Broker),N/A,15,0
79741778818500,MQTT,2090,0,N/A (Broker),N/A,15,0
79741802279900,MQTT,2090,0,N/A (Broker),N/A,15,0
79741828065300,MQTT,2090,0,N/A (Broker),N/A,15,0
79741845634700,MQTT,2090,0,N/A (Broker),N/A,15,0
79741872413400,MQTT,2090,0,N/A (Broker),N/A,15,0
79741891611700,MQTT,2090,0,N/A (Broker),N/A,15,0
79741964616400,MQTT,2090,0,N/A (Broker),N/A,15,0
79741984538500,MQTT,2090,0,N/A (Broker),N/A,15,0
79742009042800,MQTT,2090,0,N/A (Broker),N/A,15,0
79742025849900,MQTT,2090,0,N/A (Broker),N/A,15,0
79742048230400,MQTT,2090,0,N/A (Broker),N/A,15,0
79742074966500,MQTT,2090,0,N/A (Broker),N/A,15,0
79742098359100,MQTT,2090,0,N/A (Broker),N/A,15,0
79742122605000,MQTT,2090,0,N/A (Broker),N/A,15,0
79742146162400,MQTT,2090,0,N/A (Broker),N/A,15,0
79742164356000,MQTT,2090,0,N/A (Broker),N/A,15,0
79742181374800,MQTT,2090,0,N/A (Broker),N/A,15,0
79742204820200,MQTT,2090,0,N/A (Broker),N/A,15,0
79742229679600,MQTT,2090,0,N/A (Broker),N/A,15,0
79742243493000,MQTT,2090,0,N/A (Broker),N/A,15,0
79742269181200,MQTT,2090,0,N/A (Broker),N/A,15,0
79742291801500,MQTT,2090,0,N/A (Broker),N/A,15,0
79742306360500,MQTT,2090,0,N/A (Broker),N/A,15,0
79742329244800,MQTT,2090,0,N/A (Broker),N/A,15,0
79742355426500,MQTT,2090,0,N/A (Broker),N/A,15,0
79742375047600,MQTT,2090,0,N/A (Broker),N/A,15,0
79742386586200,MQTT,2090,0,N/A (Broker),N/A,15,0
79742407895200,MQTT,2090,0,N/A (Broker),N/A,15,0
79742430299000,MQTT,2090,0,N/A (Broker),N/A,15,0
79742445468700,MQTT,2090,0,N/A (Broker),N/A,15,0
79742478795600,MQTT,2090,0,N/A (Broker),N/A,15,0
79742503696800,MQTT,2090,0,N/A (Broker),N/A,15,0
79742518666200,MQTT,2090,0,N/A (Broker),N/A,15,0
79742540857900,MQTT,2090,0,N/A (Broker),N/A,15,0
79742565364700,MQTT,2090,0,N/A (Broker),N/A,15,0
79742587222300,MQTT,2090,0,N/A (Broker),N/A,15,0
79742636547500,MQTT,2090,0,N/A (Broker),N/A,15,0
79742651775000,MQTT,2090,0,N/A (Broker),N/A,15,0
79742678497600,MQTT,2090,0,N/A (Broker),N/A,15,0
79742693035900,MQTT,2090,0,N/A (Broker),N/A,15,0
79742713945800,MQTT,2090,0,N/A (Broker),N/A,15,0
79742735639400,MQTT,2090,0,N/A (Broker),N/A,15,0
79742752463000,MQTT,2090,0,N/A (Broker),N/A,15,0
79742782875200,MQTT,2090,0,N/A (Broker),N/A,15,0
79742806875500,MQTT,2090,0,N/A (Broker),N/A,15,0
79742820574200,MQTT,2090,0,N/A (Broker),N/A,15,0
79742841681200,MQTT,2090,0,N/A (Broker),N/A,15,0
79742855707200,MQTT,2090,0,N/A (Broker),N/A,15,0
79742882425900,MQTT,2090,0,N/A (Broker),N/A,15,0
79742901384700,MQTT,2090,0,N/A (Broker),N/A,15,0
79742919916900,MQTT,2090,0,N/A (Broker),N/A,15,0
79742941222400,MQTT,2090,0,N/A (Broker),N/A,15,0
79742955262900,MQTT,2090,0,N/A (Broker),N/A,15,0
79742986975700,MQTT,2090,0,N/A (Broker),N/A,15,0
79743010874200,MQTT,2090,0,N/A (Broker),N/A,15,0
79743025068100,MQTT,2090,0,N/A (Broker),N/A,15,0
79743048678100,MQTT,2090,0,N/A (Broker),N/A,15,0
79743067673200,MQTT,2090,0,N/A (Broker),N/A,15,0
79743094567900,MQTT,2090,0,N/A (Broker),N/A,15,0
79743109102600,MQTT,2090,0,N/A (Broker),N/A,15,0
79743133000800,MQTT,2090,0,N/A (Broker),N/A,15,0
79743155437900,MQTT,2090,0,N/A (Broker),N/A,15,0
79743174195600,MQTT,2090,0,N/A (Broker),N/A,15,0
79743201272100,MQTT,2090,0,N/A (Broker),N/A,15,0
79743223809000,MQTT,2090,0,N/A (Broker),N/A,15,0
79743238430700,MQTT,2090,0,N/A (Broker),N/A,15,0
79743262504400,MQTT,2090,0,N/A (Broker),N/A,15,0
79743288792200,MQTT,2090,0,N/A (Broker),N/A,15,0
79743304618300,MQTT,2090,0,N/A (Broker),N/A,15,0
79743319825000,MQTT,2090,0,N/A (Broker),N/A,15,0
79743342529400,MQTT,2090,0,N/A (Broker),N/A,15,0
79743365458800,MQTT,2090,0,N/A (Broker),N/A,15,0
79743386620100,MQTT,2090,0,N/A (Broker),N/A,15,0
79743410216400,MQTT,2090,0,N/A (Broker),N/A,15,0
79743471831000,MQTT,2090,0,N/A (Broker),N/A,15,0
79743494784300,MQTT,2090,0,N/A (Broker),N/A,15,0
79743520333400,MQTT,2090,0,N/A (Broker),N/A,15,0
79743585168100,MQTT,2090,0,N/A (Broker),N/A,15,0
79743602143200,MQTT,2090,0,N/A (Broker),N/A,15,0
79743621529300,MQTT,2090,0,N/A (Broker),N/A,15,0
79743644190000,MQTT,2090,0,N/A (Broker),N/A,15,0
79743665578000,MQTT,2090,0,N/A (Broker),N/A,15,0
79743694584400,MQTT,2090,0,N/A (Broker),N/A,15,0
79743766752200,MQTT,2090,0,N/A (Broker),N/A,15,0
